[    7.547394] <host> kernel: Linux version 7.2.4-arch1-2 (linux@archlinux) (gcc (GCC) 16.2.1 20260810, GNU ld (GNU Binutils) 2.47) #1 SMP PREEMPT_DYNAMIC Tue, 08 Sep 2026 10:22:31 +0000
[    7.547408] <host> kernel: Command line: initrd=\initramfs-linux.img root=PARTUUID=<uuid> zswap.enabled=0 rootflags=subvol=@ rw rootfstype=btrfs vt.default_red=13,234,145,249,83,250,144,191,104,240,194,255,89,255,149,255 vt.default_grn=16,108,179,175,189,233,225,189,104,113,217,180,194,238,230,255 vt.default_blu=23,115,98,79,250,148,198,182,104,120,76,84,255,153,203,255 video=DP-2:3840x2160@120 quiet splash
[    7.547414] <host> kernel: x86/split lock detection: #DB: warning on user-space bus_locks
[    7.547418] <host> kernel: BIOS-provided physical RAM map:
[    7.547421] <host> kernel: BIOS-e820: [mem 0x0000000000000000-0x000000000009ffff]  System RAM
[    7.547424] <host> kernel: BIOS-e820: [mem 0x00000000000a0000-0x00000000000fffff]  device reserved
[    7.547428] <host> kernel: BIOS-e820: [mem 0x0000000000100000-0x0000000009afefff]  System RAM
[    7.547431] <host> kernel: BIOS-e820: [mem 0x0000000009aff000-0x0000000009ffffff]  device reserved
[    7.547434] <host> kernel: BIOS-e820: [mem 0x000000000a000000-0x000000000a1fffff]  System RAM
[    7.547436] <host> kernel: BIOS-e820: [mem 0x000000000a200000-0x000000000a21dfff]  ACPI NVS
[    7.547439] <host> kernel: BIOS-e820: [mem 0x000000000a21e000-0x000000000affffff]  System RAM
[    7.547442] <host> kernel: BIOS-e820: [mem 0x000000000b000000-0x000000000b020fff]  device reserved
[    7.547445] <host> kernel: BIOS-e820: [mem 0x000000000b021000-0x000000006ac65fff]  System RAM
[    7.547448] <host> kernel: BIOS-e820: [mem 0x000000006ac66000-0x0000000071412fff]  device reserved
[    7.547452] <host> kernel: BIOS-e820: [mem 0x0000000071413000-0x0000000071621fff]  ACPI data
[    7.547455] <host> kernel: BIOS-e820: [mem 0x0000000071622000-0x0000000073621fff]  ACPI NVS
[    7.547458] <host> kernel: BIOS-e820: [mem 0x0000000073622000-0x00000000781fefff]  device reserved
[    7.547461] <host> kernel: BIOS-e820: [mem 0x00000000781ff000-0x0000000079ff6fff]  System RAM
[    7.547464] <host> kernel: BIOS-e820: [mem 0x0000000079ff7000-0x0000000079ffbfff]  device reserved
[    7.547467] <host> kernel: BIOS-e820: [mem 0x0000000079ffc000-0x0000000079ffffff]  System RAM
[    7.547470] <host> kernel: BIOS-e820: [mem 0x000000007a000000-0x000000007bffffff]  device reserved
[    7.547473] <host> kernel: BIOS-e820: [gap 0x000000007c000000-0x000000007d7f2fff]
[    7.547476] <host> kernel: BIOS-e820: [mem 0x000000007d7f3000-0x000000007fffffff]  device reserved
[    7.547478] <host> kernel: BIOS-e820: [gap 0x0000000080000000-0x00000000dfffffff]
[    7.547481] <host> kernel: BIOS-e820: [mem 0x00000000e0000000-0x00000000efffffff]  device reserved
[    7.547485] <host> kernel: BIOS-e820: [gap 0x00000000f0000000-0x00000000f6ffffff]
[    7.547488] <host> kernel: BIOS-e820: [mem 0x00000000f7000000-0x00000000ffffffff]  device reserved
[    7.547490] <host> kernel: BIOS-e820: [mem 0x0000000100000000-0x0000000c7de7ffff]  System RAM
[    7.547493] <host> kernel: BIOS-e820: [gap 0x0000000c7de80000-0x0000000c7eebffff]
[    7.547496] <host> kernel: BIOS-e820: [mem 0x0000000c7eec0000-0x0000000ca01fffff]  device reserved
[    7.547499] <host> kernel: BIOS-e820: [gap 0x0000000ca0200000-0x000000fcffffffff]
[    7.547502] <host> kernel: BIOS-e820: [mem 0x000000fd00000000-0x000000ffffffffff]  device reserved
[    7.547505] <host> kernel: NX (Execute Disable) protection: active
[    7.547507] <host> kernel: APIC: Static calls initialized
[    7.547514] <host> kernel: efi: EFI v2.9 by American Megatrends
[    7.547517] <host> kernel: efi: ACPI=0x71621000 ACPI 2.0=0x71621014 TPMFinalLog=0x735d8000 SMBIOS=0x77688000 SMBIOS 3.0=0x77687000 MEMATTR=0x65562018 ESRT=0x655be198 RNG=0x71605f18 INITRD=0x4c722f98 TPMEventLog=0x71476018 
[    7.547520] <host> kernel: random: crng init done
[    7.547523] <host> kernel: efi: Remove mem59: MMIO range=[0xe0000000-0xefffffff] (256MB) from e820 map
[    7.547526] <host> kernel: e820: remove [mem 0xe0000000-0xefffffff] device reserved
[    7.547529] <host> kernel: efi: Remove mem60: MMIO range=[0xf7000000-0xfedfffff] (126MB) from e820 map
[    7.547534] <host> kernel: e820: remove [mem 0xf7000000-0xfedfffff] device reserved
[    7.547537] <host> kernel: efi: Not removing mem61: MMIO range=[0xfee00000-0xfee00fff] (4KB) from e820 map
[    7.547540] <host> kernel: efi: Remove mem62: MMIO range=[0xfee01000-0xffffffff] (17MB) from e820 map
[    7.547547] <host> kernel: e820: remove [mem 0xfee01000-0xffffffff] device reserved
[    7.547550] <host> kernel: efi: Remove mem64: MMIO range=[0xc80000000-0xca01fffff] (514MB) from e820 map
[    7.547554] <host> kernel: e820: remove [mem 0xc80000000-0xca01fffff] device reserved
[    7.547557] <host> kernel: DMI: SMBIOS 3.6.0 present.
[    7.547560] <host> kernel: DMI: ASUS System Product Name/ROG STRIX B850-I GAMING WIFI, BIOS 1078 07/14/2025
[    7.547563] <host> kernel: DMI: Memory slots populated: 2/2
[    7.547566] <host> kernel: tsc: Fast TSC calibration using PIT
[    7.547569] <host> kernel: tsc: Detected 4700.012 MHz processor
[    7.547572] <host> kernel: e820: update [mem 0x00000000-0x00000fff] System RAM ==> device reserved
[    7.547575] <host> kernel: e820: remove [mem 0x000a0000-0x000fffff] System RAM
[    7.547579] <host> kernel: last_pfn = 0xc7de80 max_arch_pfn = 0x400000000
[    7.547582] <host> kernel: MTRR map: 5 entries (3 fixed + 2 variable; max 20), built from 9 variable MTRRs
[    7.547586] <host> kernel: x86/PAT: Configuration [0-7]: WB  WC  UC- UC  WB  WP  UC- WT  
[    7.547589] <host> kernel: e820: update [mem 0x80000000-0xffffffff] System RAM ==> device reserved
[    7.547592] <host> kernel: last_pfn = 0x7a000 max_arch_pfn = 0x400000000
[    7.547595] <host> kernel: esrt: Reserving ESRT space from 0x00000000655be198 to 0x00000000655be1d0.
[    7.547599] <host> kernel: e820: update [mem 0x655be000-0x655befff] System RAM ==> device reserved
[    7.547602] <host> kernel: Using GB pages for direct mapping
[    7.547605] <host> kernel: Secure boot disabled
[    7.547608] <host> kernel: RAMDISK: [mem 0x3b105000-0x4b645fff]
[    7.547611] <host> kernel: ACPI: Early table checksum verification disabled
[    7.547615] <host> kernel: ACPI: RSDP 0x0000000071621014 000024 (v02 ALASKA)
[    7.547618] <host> kernel: ACPI: XSDT 0x0000000071620728 0000D4 (v01 ALASKA A M I    01072009 AMI  01000013)
[    7.547621] <host> kernel: ACPI: FACP 0x0000000071615000 000114 (v06 ALASKA A M I    01072009 AMI  00010013)
[    7.547624] <host> kernel: ACPI: DSDT 0x00000000715ED000 01495A (v154 ALASKA A M I    01072009 INTL 20230331)
[    7.547627] <host> kernel: ACPI: FACS 0x0000000073608000 000040
[    7.547630] <host> kernel: ACPI: SSDT 0x0000000071617000 00816C (v02 AMD    Splinter 00000002 MSFT 05000000)
[    7.547634] <host> kernel: ACPI: SSDT 0x0000000071616000 000221 (v02 ALASKA CPUSSDT  01072009 AMI  01072009)
[    7.547637] <host> kernel: ACPI: FIDT 0x0000000071606000 00009C (v01 ALASKA A M I    01072009 AMI  00010013)
[    7.547640] <host> kernel: ACPI: MCFG 0x0000000071604000 00003C (v01 ALASKA A M I    01072009 MSFT 00010013)
[    7.547643] <host> kernel: ACPI: HPET 0x0000000071603000 000038 (v01 ALASKA A M I    01072009 AMI  00000005)
[    7.547647] <host> kernel: ACPI: FPDT 0x0000000071602000 000044 (v01 ALASKA A M I    01072009 AMI  01000013)
[    7.547650] <host> kernel: ACPI: WPBT 0x0000000071613000 000070 (v01 ALASKA A M I    00000001 ASUS 00000001)
[    7.547653] <host> kernel: ACPI: SSDT 0x000000007160E000 004DEE (v02 AMD    AMD CPU  00000001 AMD  00000001)
[    7.547656] <host> kernel: ACPI: SSDT 0x000000007160D000 000041 (v01 AMD    AppCompD 00000001 INTL 20230331)
[    7.547659] <host> kernel: ACPI: SSDT 0x000000007160C000 00078F (v02 AMD    CPMDFDG1 00000001 INTL 20230331)
[    7.547662] <host> kernel: ACPI: SSDT 0x0000000071484000 00A665 (v02 AMD    CPMCMN   00000001 INTL 20230331)
[    7.547665] <host> kernel: ACPI: SSDT 0x0000000071609000 002A02 (v02 AMD    AOD      00000001 INTL 20230331)
[    7.547669] <host> kernel: ACPI: TPM2 0x0000000071608000 00004C (v04 ALASKA A M I    00000001 AMI  00000000)
[    7.547672] <host> kernel: ACPI: WSMT 0x0000000071607000 000028 (v01 ALASKA A M I    01072009 AMI  00010013)
[    7.547675] <host> kernel: ACPI: APIC 0x0000000071483000 00015E (v06 ALASKA A M I    01072009 AMI  00010013)
[    7.547678] <host> kernel: ACPI: IVRS 0x0000000071482000 0000C8 (v02 AMD    AmdTable 00000001 AMD  00000001)
[    7.547681] <host> kernel: ACPI: SSDT 0x0000000071481000 000500 (v02 AMD    MEMTOOL0 00000002 INTL 20230331)
[    7.547684] <host> kernel: ACPI: SSDT 0x0000000071480000 0009E6 (v02 AMD    CPMMSOSC 00000001 INTL 20230331)
[    7.547688] <host> kernel: ACPI: SSDT 0x000000007147F000 00047C (v02 AMD    AMDWOV   00000001 INTL 20230331)
[    7.547691] <host> kernel: ACPI: SSDT 0x000000007147E000 00053E (v01 AMD    CPMAPMFD 00000001 INTL 20230331)
[    7.547694] <host> kernel: ACPI: SSDT 0x000000007147D000 00044E (v02 AMD    AmdTable 00000001 INTL 20230331)
[    7.547697] <host> kernel: ACPI: Reserving FACP table memory at [mem 0x71615000-0x71615113]
[    7.547700] <host> kernel: ACPI: Reserving DSDT table memory at [mem 0x715ed000-0x71601959]
[    7.547703] <host> kernel: ACPI: Reserving FACS table memory at [mem 0x73608000-0x7360803f]
[    7.547707] <host> kernel: ACPI: Reserving SSDT table memory at [mem 0x71617000-0x7161f16b]
[    7.547710] <host> kernel: ACPI: Reserving SSDT table memory at [mem 0x71616000-0x71616220]
[    7.547712] <host> kernel: ACPI: Reserving FIDT table memory at [mem 0x71606000-0x7160609b]
[    7.547715] <host> kernel: ACPI: Reserving MCFG table memory at [mem 0x71604000-0x7160403b]
[    7.547718] <host> kernel: ACPI: Reserving HPET table memory at [mem 0x71603000-0x71603037]
[    7.547721] <host> kernel: ACPI: Reserving FPDT table memory at [mem 0x71602000-0x71602043]
[    7.547724] <host> kernel: ACPI: Reserving WPBT table memory at [mem 0x71613000-0x7161306f]
[    7.547727] <host> kernel: ACPI: Reserving SSDT table memory at [mem 0x7160e000-0x71612ded]
[    7.547731] <host> kernel: ACPI: Reserving SSDT table memory at [mem 0x7160d000-0x7160d040]
[    7.547733] <host> kernel: ACPI: Reserving SSDT table memory at [mem 0x7160c000-0x7160c78e]
[    7.547739] <host> kernel: ACPI: Reserving SSDT table memory at [mem 0x71484000-0x7148e664]
[    7.547742] <host> kernel: ACPI: Reserving SSDT table memory at [mem 0x71609000-0x7160ba01]
[    7.547745] <host> kernel: ACPI: Reserving TPM2 table memory at [mem 0x71608000-0x7160804b]
[    7.547748] <host> kernel: ACPI: Reserving WSMT table memory at [mem 0x71607000-0x71607027]
[    7.547751] <host> kernel: ACPI: Reserving APIC table memory at [mem 0x71483000-0x7148315d]
[    7.547753] <host> kernel: ACPI: Reserving IVRS table memory at [mem 0x71482000-0x714820c7]
[    7.547757] <host> kernel: ACPI: Reserving SSDT table memory at [mem 0x71481000-0x714814ff]
[    7.547760] <host> kernel: ACPI: Reserving SSDT table memory at [mem 0x71480000-0x714809e5]
[    7.547768] <host> kernel: ACPI: Reserving SSDT table memory at [mem 0x7147f000-0x7147f47b]
[    7.547772] <host> kernel: ACPI: Reserving SSDT table memory at [mem 0x7147e000-0x7147e53d]
[    7.547776] <host> kernel: ACPI: Reserving SSDT table memory at [mem 0x7147d000-0x7147d44d]
[    7.547779] <host> kernel: No NUMA configuration found
[    7.547783] <host> kernel: Faking a node at [mem 0x0000000000000000-0x0000000c7de7ffff]
[    7.547786] <host> kernel: NODE_DATA(0) allocated [mem 0xc7de54f80-0xc7de7ffff]
[    7.547789] <host> kernel: ACPI: PM-Timer IO Port: 0x808
[    7.547794] <host> kernel: ACPI: LAPIC_NMI (acpi_id[0xff] high edge lint[0x1])
[    7.547797] <host> kernel: IOAPIC[0]: apic_id 32, version 33, address 0xfec00000, GSI 0-23
[    7.547800] <host> kernel: IOAPIC[1]: apic_id 33, version 33, address 0xfec01000, GSI 24-55
[    7.547803] <host> kernel: ACPI: INT_SRC_OVR (bus 0 bus_irq 0 global_irq 2 dfl dfl)
[    7.547807] <host> kernel: ACPI: INT_SRC_OVR (bus 0 bus_irq 9 global_irq 9 low level)
[    7.547810] <host> kernel: ACPI: Using ACPI (MADT) for SMP configuration information
[    7.547813] <host> kernel: ACPI: HPET id: 0x10228201 base: 0xfed00000
[    7.547816] <host> kernel: CPU topo: Max. logical packages:   1
[    7.547819] <host> kernel: CPU topo: Max. logical nodes:      1
[    7.547822] <host> kernel: CPU topo: Num. nodes per package:  1
[    7.547826] <host> kernel: CPU topo: Max. logical dies:       1
[    7.547829] <host> kernel: CPU topo: Max. dies per package:   1
[    7.547832] <host> kernel: CPU topo: Max. threads per core:   2
[    7.547835] <host> kernel: CPU topo: Num. cores per package:     8
[    7.547838] <host> kernel: CPU topo: Num. threads per package:  16
[    7.547841] <host> kernel: CPU topo: Allowing 16 present CPUs plus 0 hotplug CPUs
[    7.547844] <host> kernel: PM: hibernation: Registered nosave memory: [mem 0x00000000-0x00000fff]
[    7.547848] <host> kernel: PM: hibernation: Registered nosave memory: [mem 0x000a0000-0x000fffff]
[    7.547851] <host> kernel: PM: hibernation: Registered nosave memory: [mem 0x09aff000-0x09ffffff]
[    7.547854] <host> kernel: PM: hibernation: Registered nosave memory: [mem 0x0a200000-0x0a21dfff]
[    7.547857] <host> kernel: PM: hibernation: Registered nosave memory: [mem 0x0b000000-0x0b020fff]
[    7.547860] <host> kernel: PM: hibernation: Registered nosave memory: [mem 0x655be000-0x655befff]
[    7.547863] <host> kernel: PM: hibernation: Registered nosave memory: [mem 0x6ac66000-0x781fefff]
[    7.547866] <host> kernel: PM: hibernation: Registered nosave memory: [mem 0x79ff7000-0x79ffbfff]
[    7.547869] <host> kernel: PM: hibernation: Registered nosave memory: [mem 0x7a000000-0xffffffff]
[    7.547873] <host> kernel: [gap 0x80000000-0xfedfffff] available for PCI devices
[    7.547876] <host> kernel: Booting paravirtualized kernel on bare hardware
[    7.547879] <host> kernel: clocksource: refined-jiffies: mask: 0xffffffff max_cycles: 0xffffffff, max_idle_ns: 1910969940391419 ns
[    7.547882] <host> kernel: Zone ranges:
[    7.547885] <host> kernel:   DMA      [mem 0x0000000000001000-0x0000000000ffffff]
[    7.547888] <host> kernel:   DMA32    [mem 0x0000000001000000-0x00000000ffffffff]
[    7.547891] <host> kernel:   Normal   [mem 0x0000000100000000-0x0000000c7de7ffff]
[    7.547895] <host> kernel:   Device   empty
[    7.547898] <host> kernel: Movable zone start for each node
[    7.547900] <host> kernel: Early memory node ranges
[    7.547904] <host> kernel:   node   0: [mem 0x0000000000001000-0x000000000009ffff]
[    7.547907] <host> kernel:   node   0: [mem 0x0000000000100000-0x0000000009afefff]
[    7.547910] <host> kernel:   node   0: [mem 0x000000000a000000-0x000000000a1fffff]
[    7.547913] <host> kernel:   node   0: [mem 0x000000000a21e000-0x000000000affffff]
[    7.547916] <host> kernel:   node   0: [mem 0x000000000b021000-0x000000006ac65fff]
[    7.547919] <host> kernel:   node   0: [mem 0x00000000781ff000-0x0000000079ff6fff]
[    7.547922] <host> kernel:   node   0: [mem 0x0000000079ffc000-0x0000000079ffffff]
[    7.547925] <host> kernel:   node   0: [mem 0x0000000100000000-0x0000000c7de7ffff]
[    7.547928] <host> kernel: Initmem setup node 0 [mem 0x0000000000001000-0x0000000c7de7ffff]
[    7.547931] <host> kernel: On node 0, zone DMA: 1 pages in unavailable ranges
[    7.547938] <host> kernel: On node 0, zone DMA: 96 pages in unavailable ranges
[    7.547942] <host> kernel: On node 0, zone DMA32: 1281 pages in unavailable ranges
[    7.547945] <host> kernel: On node 0, zone DMA32: 30 pages in unavailable ranges
[    7.547948] <host> kernel: On node 0, zone DMA32: 33 pages in unavailable ranges
[    7.547952] <host> kernel: On node 0, zone DMA32: 21913 pages in unavailable ranges
[    7.547958] <host> kernel: On node 0, zone DMA32: 5 pages in unavailable ranges
[    7.547961] <host> kernel: On node 0, zone Normal: 24576 pages in unavailable ranges
[    7.547965] <host> kernel: On node 0, zone Normal: 8576 pages in unavailable ranges
[    7.547968] <host> kernel: setup_percpu: NR_CPUS:8192 nr_cpumask_bits:16 nr_cpu_ids:16 nr_node_ids:1
[    7.547971] <host> kernel: percpu: Embedded 63 pages/cpu s221184 r8192 d28672 u262144
[    7.547975] <host> kernel: pcpu-alloc: s221184 r8192 d28672 u262144 alloc=1*2097152
[    7.547978] <host> kernel: pcpu-alloc: [0] 00 01 02 03 04 05 06 07 [0] 08 09 10 11 12 13 14 15 
[    7.547982] <host> kernel: Kernel command line: initrd=\initramfs-linux.img root=PARTUUID=<uuid> zswap.enabled=0 rootflags=subvol=@ rw rootfstype=btrfs vt.default_red=13,234,145,249,83,250,144,191,104,240,194,255,89,255,149,255 vt.default_grn=16,108,179,175,189,233,225,189,104,113,217,180,194,238,230,255 vt.default_blu=23,115,98,79,250,148,198,182,104,120,76,84,255,153,203,255 video=DP-2:3840x2160@120 quiet splash
[    7.547985] <host> kernel: Unknown kernel command line parameters "splash", will be passed to user space.
[    7.547988] <host> kernel: printk: log buffer data + meta data: 131072 + 557056 = 688128 bytes
[    7.547992] <host> kernel: Dentry cache hash table entries: 8388608 (order: 14, 67108864 bytes, linear)
[    7.547995] <host> kernel: Inode-cache hash table entries: 4194304 (order: 13, 33554432 bytes, linear)
[    7.547998] <host> kernel: software IO TLB: area num 16.
[    7.548003] <host> kernel: Fallback order for Node 0: 0 
[    7.548006] <host> kernel: Built 1 zonelists, mobility grouping on.  Total pages: 12493633
[    7.548012] <host> kernel: Policy zone: Normal
[    7.548015] <host> kernel: mem auto-init: stack:all(zero), heap alloc:on, heap free:off
[    7.548018] <host> kernel: SLUB: HWalign=64, Order=0-3, MinObjects=0, CPUs=16, Nodes=1
[    7.548022] <host> kernel: ftrace: allocating 58699 entries in 232 pages
[    7.548027] <host> kernel: ftrace: allocated 232 pages with 4 groups
[    7.548031] <host> kernel: Dynamic Preempt: full
[    7.548035] <host> kernel: rcu: Preemptible hierarchical RCU implementation.
[    7.548038] <host> kernel: rcu:         RCU restricting CPUs from NR_CPUS=8192 to nr_cpu_ids=16.
[    7.548041] <host> kernel: rcu:         RCU priority boosting: priority 1 delay 500 ms.
[    7.548045] <host> kernel:         Trampoline variant of Tasks RCU enabled.
[    7.548048] <host> kernel:         Rude variant of Tasks RCU enabled.
[    7.548051] <host> kernel:         Tracing variant of Tasks RCU enabled.
[    7.548054] <host> kernel: rcu: RCU calculated value of scheduler-enlistment delay is 100 jiffies.
[    7.548057] <host> kernel: rcu: Adjusting geometry for rcu_fanout_leaf=16, nr_cpu_ids=16
[    7.548060] <host> kernel: RCU Tasks: Setting shift to 4 and lim to 1 rcu_task_cb_adjust=1 rcu_task_cpu_ids=16.
[    7.548063] <host> kernel: RCU Tasks Rude: Setting shift to 4 and lim to 1 rcu_task_cb_adjust=1 rcu_task_cpu_ids=16.
[    7.548067] <host> kernel: NR_IRQS: 524544, nr_irqs: 1096, preallocated irqs: 16
[    7.548070] <host> kernel: rcu: srcu_init: Setting srcu_struct sizes based on contention.
[    7.548073] <host> kernel: clocksource: jiffies: mask: 0xffffffff max_cycles: 0xffffffff, max_idle_ns: 1911260446275000 ns
[    7.548077] <host> kernel: kfence: initialized - using 2097152 bytes for 255 objects at 0x(____ptrval____)-0x(____ptrval____)
[    7.548080] <host> kernel: Console: colour dummy device 80x25
[    7.548083] <host> kernel: printk: legacy console [tty0] enabled
[    7.548086] <host> kernel: ACPI: Core revision 20260408
[    7.548089] <host> kernel: clocksource: hpet: mask: 0xffffffff max_cycles: 0xffffffff, max_idle_ns: 133484873504 ns
[    7.548092] <host> kernel: APIC: Switch to symmetric I/O mode setup
[    7.548096] <host> kernel: AMD-Vi: Using global IVHD EFR:0x246577efa2254afa, EFR2:0x0
[    7.548099] <host> kernel: ..TIMER: vector=0x30 apic1=0 pin1=2 apic2=-1 pin2=-1
[    7.548102] <host> kernel: clocksource: tsc-early: mask: 0xffffffffffffffff max_cycles: 0x43bf785af39, max_idle_ns: 440795254625 ns
[    7.548106] <host> kernel: Calibrating delay loop (skipped), value calculated using timer frequency.. 9400.02 BogoMIPS (lpj=4700012)
[    7.548109] <host> kernel: x86/cpu: User Mode Instruction Prevention (UMIP) activated
[    7.548112] <host> kernel: LVT offset 1 assigned for vector 0xf9
[    7.548115] <host> kernel: LVT offset 2 assigned for vector 0xf4
[    7.548118] <host> kernel: Last level iTLB entries: 4KB 64, 2MB 64, 4MB 32
[    7.548121] <host> kernel: Last level dTLB entries: 4KB 128, 2MB 128, 4MB 64, 1GB 0
[    7.548124] <host> kernel: process: using mwait in idle threads
[    7.548128] <host> kernel: mitigations: Enabled attack vectors: user_kernel, user_user, guest_host, guest_guest, SMT mitigations: auto
[    7.548131] <host> kernel: Speculative Store Bypass: Mitigation: Speculative Store Bypass disabled via prctl
[    7.548134] <host> kernel: Spectre V2 : Mitigation: Enhanced / Automatic IBRS
[    7.548137] <host> kernel: Spectre V2 : User space: Mitigation: STIBP always-on protection
[    7.548140] <host> kernel: Speculative Return Stack Overflow: Mitigation: IBPB on VMEXIT only
[    7.548146] <host> kernel: VMSCAPE: Mitigation: IBPB on VMEXIT
[    7.548149] <host> kernel: Spectre V1 : Mitigation: usercopy/swapgs barriers and __user pointer sanitization
[    7.548153] <host> kernel: Spectre V2 : Enabling IBPB for BPF
[    7.548156] <host> kernel: Spectre V2 : mitigation: Enabling conditional Indirect Branch Prediction Barrier
[    7.548160] <host> kernel: x86/fpu: Supporting XSAVE feature 0x001: 'x87 floating point registers'
[    7.548163] <host> kernel: x86/fpu: Supporting XSAVE feature 0x002: 'SSE registers'
[    7.548166] <host> kernel: x86/fpu: Supporting XSAVE feature 0x004: 'AVX registers'
[    7.548169] <host> kernel: x86/fpu: Supporting XSAVE feature 0x020: 'AVX-512 opmask'
[    7.548172] <host> kernel: x86/fpu: Supporting XSAVE feature 0x040: 'AVX-512 Hi256'
[    7.548175] <host> kernel: x86/fpu: Supporting XSAVE feature 0x080: 'AVX-512 ZMM_Hi256'
[    7.548178] <host> kernel: x86/fpu: Supporting XSAVE feature 0x200: 'Protection Keys User registers'
[    7.548181] <host> kernel: x86/fpu: Supporting XSAVE feature 0x800: 'Control-flow User registers'
[    7.548184] <host> kernel: x86/fpu: Supporting XSAVE feature 0x1000: 'Control-flow Kernel registers (KVM only)'
[    7.548187] <host> kernel: x86/fpu: xstate_offset[2]:  576, xstate_sizes[2]:  256
[    7.548191] <host> kernel: x86/fpu: xstate_offset[5]:  832, xstate_sizes[5]:   64
[    7.548194] <host> kernel: x86/fpu: xstate_offset[6]:  896, xstate_sizes[6]:  512
[    7.548197] <host> kernel: x86/fpu: xstate_offset[7]: 1408, xstate_sizes[7]: 1024
[    7.548200] <host> kernel: x86/fpu: xstate_offset[9]: 2432, xstate_sizes[9]:    8
[    7.548203] <host> kernel: x86/fpu: xstate_offset[11]: 2440, xstate_sizes[11]:   16
[    7.548206] <host> kernel: x86/fpu: xstate_offset[12]: 2456, xstate_sizes[12]:   24
[    7.548209] <host> kernel: x86/fpu: Enabled xstate features 0x1ae7, context size is 2480 bytes, using 'compacted' format.
[    7.548212] <host> kernel: pid_max: default: 32768 minimum: 301
[    7.548216] <host> kernel: landlock: Up and running.
[    7.548219] <host> kernel: Yama: becoming mindful.
[    7.548222] <host> kernel: LSM support for eBPF active
[    7.548226] <host> kernel: Mount-cache hash table entries: 131072 (order: 8, 1048576 bytes, linear)
[    7.548229] <host> kernel: Mountpoint-cache hash table entries: 131072 (order: 8, 1048576 bytes, linear)
[    7.548232] <host> kernel: VFS: Finished mounting rootfs on nullfs
[    7.548235] <host> kernel: smpboot: CPU0: AMD Ryzen 7 9800X3D 8-Core Processor (family: 0x1a, model: 0x44, stepping: 0x0)
[    7.548238] <host> kernel: Performance Events: Fam17h+ 16-deep LBR, core perfctr, AMD PMU driver.
[    7.548242] <host> kernel: ... version:                   2
[    7.548245] <host> kernel: ... bit width:                 48
[    7.548248] <host> kernel: ... generic counters:          6
[    7.548252] <host> kernel: ... generic bitmap:            000000000000003f
[    7.548255] <host> kernel: ... fixed-purpose counters:    0
[    7.548258] <host> kernel: ... fixed-purpose bitmap:      0000000000000000
[    7.548261] <host> kernel: ... value mask:                0000ffffffffffff
[    7.548264] <host> kernel: ... max period:                00007fffffffffff
[    7.548267] <host> kernel: ... global_ctrl mask:          000000000000003f
[    7.548269] <host> kernel: signal: max sigframe size: 3376
[    7.548273] <host> kernel: rcu: Hierarchical SRCU implementation.
[    7.548276] <host> kernel: rcu:         Max phase no-delay instances is 400.
[    7.548279] <host> kernel: Timer migration: 2 hierarchy levels; 8 children per group; 2 crossnode level
[    7.548282] <host> kernel: MCE: In-kernel MCE decoding enabled.
[    7.548286] <host> kernel: NMI watchdog: Enabled. Permanently consumes one hw-PMU counter.
[    7.548289] <host> kernel: smp: Bringing up secondary CPUs ...
[    7.548292] <host> kernel: smpboot: x86: Booting SMP configuration:
[    7.548295] <host> kernel: .... node  #0, CPUs:        #1  #2  #3  #4  #5  #6  #7  #8  #9 #10 #11 #12 #13 #14 #15
[    7.548298] <host> kernel: Spectre V2 : Update user space SMT mitigation: STIBP always-on
[    7.548301] <host> kernel: smp: Brought up 1 node, 16 CPUs
[    7.548304] <host> kernel: smpboot: Total of 16 processors activated (150400.38 BogoMIPS)
[    7.548307] <host> kernel: Memory: 48525448K/49974532K available (22193K kernel code, 3070K rwdata, 17656K rodata, 4940K init, 5016K bss, 1423724K reserved, 0K cma-reserved)
[    7.548310] <host> kernel: devtmpfs: initialized
[    7.548314] <host> kernel: x86/mm: Memory block size: 128MB
[    7.548317] <host> kernel: ACPI: PM: Registering ACPI NVS region [mem 0x0a200000-0x0a21dfff] (122880 bytes)
[    7.548320] <host> kernel: ACPI: PM: Registering ACPI NVS region [mem 0x71622000-0x73621fff] (33554432 bytes)
[    7.548323] <host> kernel: posixtimers hash table entries: 8192 (order: 5, 131072 bytes, linear)
[    7.548326] <host> kernel: futex hash table entries: 4096 (262144 bytes on 1 NUMA nodes, total 256 KiB, linear).
[    7.548329] <host> kernel: xor: automatically using best checksumming function   avx       
[    7.548332] <host> kernel: PM: RTC time: 17:22:26, date: 2026-09-13
[    7.548339] <host> kernel: NET: Registered PF_NETLINK/PF_ROUTE protocol family
[    7.548342] <host> kernel: DMA: preallocated 4096 KiB GFP_KERNEL pool for atomic allocations
[    7.548345] <host> kernel: DMA: preallocated 4096 KiB GFP_KERNEL|GFP_DMA pool for atomic allocations
[    7.548348] <host> kernel: DMA: preallocated 4096 KiB GFP_KERNEL|GFP_DMA32 pool for atomic allocations
[    7.548352] <host> kernel: audit: initializing netlink subsys (disabled)
[    7.548355] <host> kernel: audit: type=2000 audit(1789320145.132:1): state=initialized audit_enabled=0 res=1
[    7.548358] <host> kernel: thermal_sys: Registered thermal governor 'fair_share'
[    7.548361] <host> kernel: thermal_sys: Registered thermal governor 'bang_bang'
[    7.548364] <host> kernel: thermal_sys: Registered thermal governor 'step_wise'
[    7.548367] <host> kernel: thermal_sys: Registered thermal governor 'user_space'
[    7.548370] <host> kernel: thermal_sys: Registered thermal governor 'power_allocator'
[    7.548373] <host> kernel: cpuidle: using governor ladder
[    7.548376] <host> kernel: cpuidle: using governor menu
[    7.548380] <host> kernel: Freeing SMP alternatives memory: 60K
[    7.548383] <host> kernel: efi: Freeing EFI boot services memory: 140144K
[    7.548386] <host> kernel: acpiphp: ACPI Hot Plug PCI Controller Driver version: 0.5
[    7.548389] <host> kernel: PCI: ECAM [mem 0xe0000000-0xefffffff] (base 0xe0000000) for domain 0000 [bus 00-ff]
[    7.548392] <host> kernel: PCI: Using configuration type 1 for base access
[    7.548395] <host> kernel: virt/tdx: TDX not supported by the host platform
[    7.548399] <host> kernel: kprobes: kprobe jump-optimization is enabled. All kprobes are optimized if possible.
[    7.548402] <host> kernel: HugeTLB: registered 1.00 GiB page size, pre-allocated 0 pages
[    7.548405] <host> kernel: HugeTLB: 16380 KiB vmemmap can be freed for a 1.00 GiB page
[    7.548408] <host> kernel: HugeTLB: registered 2.00 MiB page size, pre-allocated 0 pages
[    7.548411] <host> kernel: HugeTLB: 28 KiB vmemmap can be freed for a 2.00 MiB page
[    7.548414] <host> kernel: raid6: using avx512x2 recovery algorithm
[    7.548417] <host> kernel: raid6: skipped pq benchmark and selected avx512x4
[    7.548420] <host> kernel: ACPI: Added _OSI(Module Device)
[    7.548423] <host> kernel: ACPI: Added _OSI(Processor Device)
[    7.548426] <host> kernel: ACPI: Added _OSI(Processor Aggregator Device)
[    7.548429] <host> kernel: ACPI: 13 ACPI AML tables successfully acquired and loaded
[    7.548432] <host> kernel: ACPI: \_SB_: platform _OSC: OS support mask [006e7eff]
[    7.548436] <host> kernel: ACPI: \_SB_: platform _OSC: OS control mask [006a7eff]
[    7.548438] <host> kernel: ACPI: EC: EC started
[    7.548442] <host> kernel: ACPI: EC: interrupt blocked
[    7.548445] <host> kernel: ACPI: EC: EC_CMD/EC_SC=0x66, EC_DATA=0x62
[    7.548448] <host> kernel: ACPI: \_SB_.PCI0.SBRG.EC0_: Boot DSDT EC used to handle transactions
[    7.548451] <host> kernel: ACPI: Interpreter enabled
[    7.548454] <host> kernel: ACPI: PM: (supports S0 S3 S4 S5)
[    7.548457] <host> kernel: ACPI: Using IOAPIC for interrupt routing
[    7.548460] <host> kernel: PCI: Using host bridge windows from ACPI; if necessary, use "pci=nocrs" and report a bug
[    7.548463] <host> kernel: PCI: Ignoring E820 reservations for host bridge windows
[    7.548466] <host> kernel: ACPI: Enabled 7 GPEs in block 00 to 1F
[    7.548469] <host> kernel: ACPI: \_SB_.PCI0.GPP0.M237: New power resource
[    7.548473] <host> kernel: ACPI: PCI Root Bridge [PCI0] (domain 0000 [bus 00-ff])
[    7.548538] <host> kernel: acpi PNP0A08:00: _OSC: OS supports [ExtendedConfig ASPM ClockPM Segments MSI EDR HPX-Type3]
[    7.548580] <host> kernel: acpi PNP0A08:00: _OSC: OS now controls [PCIeHotplug SHPCHotplug PME AER PCIeCapability LTR DPC]
[    7.548584] <host> kernel: PCI host bridge to bus 0000:00
[    7.548619] <host> kernel: pci_bus 0000:00: root bus resource [io  0x0000-0x03af window]
[    7.548651] <host> kernel: pci_bus 0000:00: root bus resource [io  0x03e0-0x0cf7 window]
[    7.548682] <host> kernel: pci_bus 0000:00: root bus resource [io  0x03b0-0x03df window]
[    7.548714] <host> kernel: pci_bus 0000:00: root bus resource [io  0x0d00-0xffff window]
[    7.548744] <host> kernel: pci_bus 0000:00: root bus resource [mem 0x000a0000-0x000dffff window]
[    7.548773] <host> kernel: pci_bus 0000:00: root bus resource [mem 0x80000000-0xf7ffffff window]
[    7.548803] <host> kernel: pci_bus 0000:00: root bus resource [mem 0xc80000000-0xffffffffff window]
[    7.548833] <host> kernel: pci_bus 0000:00: root bus resource [bus 00-ff]
[    7.548872] <host> kernel: pci 0000:00:00.0: [1022:14d8] type 00 class 0x060000 conventional PCI endpoint
[    7.548908] <host> kernel: pci 0000:00:00.2: [1022:14d9] type 00 class 0x080600 conventional PCI endpoint
[    7.548944] <host> kernel: pci 0000:00:01.0: [1022:14da] type 00 class 0x060000 conventional PCI endpoint
[    7.548979] <host> kernel: pci 0000:00:01.1: [1022:14db] type 01 class 0x060400 PCIe Root Port
[    7.549021] <host> kernel: pci 0000:00:01.1: PCI bridge to [bus 01]
[    7.549061] <host> kernel: pci 0000:00:01.1:   bridge window [io  0xf000-0xffff]
[    7.549097] <host> kernel: pci 0000:00:01.1:   bridge window [mem 0xf0000000-0xf40fffff]
[    7.549131] <host> kernel: pci 0000:00:01.1:   bridge window [mem 0xf000000000-0xf801ffffff 64bit pref]
[    7.549165] <host> kernel: pci 0000:00:01.1: PME# supported from D0 D3hot D3cold
[    7.549200] <host> kernel: pci 0000:00:01.2: [1022:14db] type 01 class 0x060400 PCIe Root Port
[    7.549235] <host> kernel: pci 0000:00:01.2: PCI bridge to [bus 02]
[    7.549270] <host> kernel: pci 0000:00:01.2:   bridge window [mem 0xf4f00000-0xf4ffffff]
[    7.549304] <host> kernel: pci 0000:00:01.2: PME# supported from D0 D3hot D3cold
[    7.549339] <host> kernel: pci 0000:00:02.0: [1022:14da] type 00 class 0x060000 conventional PCI endpoint
[    7.549379] <host> kernel: pci 0000:00:02.1: [1022:14db] type 01 class 0x060400 PCIe Root Port
[    7.549414] <host> kernel: pci 0000:00:02.1: PCI bridge to [bus 03-0b]
[    7.549448] <host> kernel: pci 0000:00:02.1:   bridge window [mem 0xf4200000-0xf49fffff]
[    7.549482] <host> kernel: pci 0000:00:02.1: enabling Extended Tags
[    7.549516] <host> kernel: pci 0000:00:02.1: PME# supported from D0 D3hot D3cold
[    7.549550] <host> kernel: pci 0000:00:03.0: [1022:14da] type 00 class 0x060000 conventional PCI endpoint
[    7.549585] <host> kernel: pci 0000:00:04.0: [1022:14da] type 00 class 0x060000 conventional PCI endpoint
[    7.549620] <host> kernel: pci 0000:00:08.0: [1022:14da] type 00 class 0x060000 conventional PCI endpoint
[    7.549655] <host> kernel: pci 0000:00:08.1: [1022:14dd] type 01 class 0x060400 PCIe Root Port
[    7.549689] <host> kernel: pci 0000:00:08.1: PCI bridge to [bus 0c]
[    7.549727] <host> kernel: pci 0000:00:08.1:   bridge window [mem 0xf4a00000-0xf4dfffff]
[    7.549761] <host> kernel: pci 0000:00:08.1: enabling Extended Tags
[    7.549802] <host> kernel: pci 0000:00:08.1: PME# supported from D0 D3hot D3cold
[    7.549840] <host> kernel: pci 0000:00:08.3: [1022:14dd] type 01 class 0x060400 PCIe Root Port
[    7.549875] <host> kernel: pci 0000:00:08.3: PCI bridge to [bus 0d]
[    7.549909] <host> kernel: pci 0000:00:08.3:   bridge window [mem 0xf4e00000-0xf4efffff]
[    7.549951] <host> kernel: pci 0000:00:08.3: enabling Extended Tags
[    7.549991] <host> kernel: pci 0000:00:08.3: PME# supported from D0 D3hot D3cold
[    7.550044] <host> kernel: pci 0000:00:14.0: [1022:790b] type 00 class 0x0c0500 conventional PCI endpoint
[    7.550078] <host> kernel: pci 0000:00:14.3: [1022:790e] type 00 class 0x060100 conventional PCI endpoint
[    7.550113] <host> kernel: pci 0000:00:18.0: [1022:14e0] type 00 class 0x060000 conventional PCI endpoint
[    7.550149] <host> kernel: pci 0000:00:18.1: [1022:14e1] type 00 class 0x060000 conventional PCI endpoint
[    7.550183] <host> kernel: pci 0000:00:18.2: [1022:14e2] type 00 class 0x060000 conventional PCI endpoint
[    7.550217] <host> kernel: pci 0000:00:18.3: [1022:14e3] type 00 class 0x060000 conventional PCI endpoint
[    7.550251] <host> kernel: pci 0000:00:18.4: [1022:14e4] type 00 class 0x060000 conventional PCI endpoint
[    7.550284] <host> kernel: pci 0000:00:18.5: [1022:14e5] type 00 class 0x060000 conventional PCI endpoint
[    7.550318] <host> kernel: pci 0000:00:18.6: [1022:14e6] type 00 class 0x060000 conventional PCI endpoint
[    7.550353] <host> kernel: pci 0000:00:18.7: [1022:14e7] type 00 class 0x060000 conventional PCI endpoint
[    7.550389] <host> kernel: pci 0000:01:00.0: [10de:2b85] type 00 class 0x030000 PCIe Legacy Endpoint
[    7.550426] <host> kernel: pci 0000:01:00.0: BAR 0 [mem 0xf0000000-0xf3ffffff]
[    7.550461] <host> kernel: pci 0000:01:00.0: BAR 1 [mem 0xf000000000-0xf7ffffffff 64bit pref]
[    7.550496] <host> kernel: pci 0000:01:00.0: BAR 3 [mem 0xf800000000-0xf801ffffff 64bit pref]
[    7.550531] <host> kernel: pci 0000:01:00.0: BAR 5 [io  0xf000-0xf07f]
[    7.550566] <host> kernel: pci 0000:01:00.0: ROM [mem 0xf4000000-0xf407ffff pref]
[    7.550601] <host> kernel: pci 0000:01:00.0: Enabling HDA controller
[    7.550636] <host> kernel: pci 0000:01:00.0: PME# supported from D0 D3hot
[    7.550671] <host> kernel: pci 0000:01:00.0: VF BAR 0 [mem 0x00000000-0x0003ffff 64bit pref]
[    7.550706] <host> kernel: pci 0000:01:00.0: VF BAR 0 [mem 0x00000000-0x0003ffff 64bit pref]: contains BAR 0 for 1 VFs
[    7.550741] <host> kernel: pci 0000:01:00.0: VF BAR 2 [mem 0x00000000-0x0fffffff 64bit pref]
[    7.550776] <host> kernel: pci 0000:01:00.0: VF BAR 2 [mem 0x00000000-0x0fffffff 64bit pref]: contains BAR 2 for 1 VFs
[    7.550814] <host> kernel: pci 0000:01:00.0: VF BAR 4 [mem 0x00000000-0x01ffffff 64bit pref]
[    7.550850] <host> kernel: pci 0000:01:00.0: VF BAR 4 [mem 0x00000000-0x01ffffff 64bit pref]: contains BAR 4 for 1 VFs
[    7.550885] <host> kernel: pci 0000:01:00.1: [10de:22e8] type 00 class 0x040300 PCIe Endpoint
[    7.550920] <host> kernel: pci 0000:01:00.1: BAR 0 [mem 0xf4080000-0xf4083fff]
[    7.550954] <host> kernel: pci 0000:00:01.1: PCI bridge to [bus 01]
[    7.550990] <host> kernel: pci 0000:02:00.0: [144d:a810] type 00 class 0x010802 PCIe Endpoint
[    7.551032] <host> kernel: pci 0000:02:00.0: BAR 0 [mem 0xf4f00000-0xf4f03fff 64bit]
[    7.551068] <host> kernel: pci 0000:00:01.2: PCI bridge to [bus 02]
[    7.551105] <host> kernel: pci 0000:03:00.0: [1022:43f4] type 01 class 0x060400 PCIe Switch Upstream Port
[    7.551141] <host> kernel: pci 0000:03:00.0: PCI bridge to [bus 04-0b]
[    7.551177] <host> kernel: pci 0000:03:00.0:   bridge window [mem 0xf4200000-0xf49fffff]
[    7.551220] <host> kernel: pci 0000:03:00.0: enabling Extended Tags
[    7.551260] <host> kernel: pci 0000:03:00.0: PME# supported from D0 D3hot D3cold
[    7.551295] <host> kernel: pci 0000:00:02.1: PCI bridge to [bus 03-0b]
[    7.551333] <host> kernel: pci 0000:04:00.0: [1022:43f5] type 01 class 0x060400 PCIe Switch Downstream Port
[    7.551370] <host> kernel: pci 0000:04:00.0: PCI bridge to [bus 05]
[    7.551408] <host> kernel: pci 0000:04:00.0: enabling Extended Tags
[    7.551447] <host> kernel: pci 0000:04:00.0: PME# supported from D0 D3hot D3cold
[    7.551486] <host> kernel: pci 0000:04:08.0: [1022:43f5] type 01 class 0x060400 PCIe Switch Downstream Port
[    7.551523] <host> kernel: pci 0000:04:08.0: PCI bridge to [bus 06]
[    7.551561] <host> kernel: pci 0000:04:08.0: enabling Extended Tags
[    7.551598] <host> kernel: pci 0000:04:08.0: PME# supported from D0 D3hot D3cold
[    7.551635] <host> kernel: pci 0000:04:09.0: [1022:43f5] type 01 class 0x060400 PCIe Switch Downstream Port
[    7.551675] <host> kernel: pci 0000:04:09.0: PCI bridge to [bus 07]
[    7.551712] <host> kernel: pci 0000:04:09.0: enabling Extended Tags
[    7.551750] <host> kernel: pci 0000:04:09.0: PME# supported from D0 D3hot D3cold
[    7.551787] <host> kernel: pci 0000:04:0a.0: [1022:43f5] type 01 class 0x060400 PCIe Switch Downstream Port
[    7.551825] <host> kernel: pci 0000:04:0a.0: PCI bridge to [bus 08]
[    7.551862] <host> kernel: pci 0000:04:0a.0:   bridge window [mem 0xf4600000-0xf47fffff]
[    7.551899] <host> kernel: pci 0000:04:0a.0: enabling Extended Tags
[    7.551936] <host> kernel: pci 0000:04:0a.0: PME# supported from D0 D3hot D3cold
[    7.551974] <host> kernel: pci 0000:04:0b.0: [1022:43f5] type 01 class 0x060400 PCIe Switch Downstream Port
[    7.552015] <host> kernel: pci 0000:04:0b.0: PCI bridge to [bus 09]
[    7.552052] <host> kernel: pci 0000:04:0b.0:   bridge window [mem 0xf4200000-0xf44fffff]
[    7.552089] <host> kernel: pci 0000:04:0b.0: enabling Extended Tags
[    7.552126] <host> kernel: pci 0000:04:0b.0: PME# supported from D0 D3hot D3cold
[    7.552166] <host> kernel: pci 0000:04:0c.0: [1022:43f5] type 01 class 0x060400 PCIe Switch Downstream Port
[    7.552203] <host> kernel: pci 0000:04:0c.0: PCI bridge to [bus 0a]
[    7.552240] <host> kernel: pci 0000:04:0c.0:   bridge window [mem 0xf4900000-0xf49fffff]
[    7.552277] <host> kernel: pci 0000:04:0c.0: enabling Extended Tags
[    7.552315] <host> kernel: pci 0000:04:0c.0: PME# supported from D0 D3hot D3cold
[    7.552351] <host> kernel: pci 0000:04:0d.0: [1022:43f5] type 01 class 0x060400 PCIe Switch Downstream Port
[    7.552388] <host> kernel: pci 0000:04:0d.0: PCI bridge to [bus 0b]
[    7.552424] <host> kernel: pci 0000:04:0d.0:   bridge window [mem 0xf4800000-0xf48fffff]
[    7.552461] <host> kernel: pci 0000:04:0d.0: enabling Extended Tags
[    7.552497] <host> kernel: pci 0000:04:0d.0: PME# supported from D0 D3hot D3cold
[    7.552533] <host> kernel: pci 0000:03:00.0: PCI bridge to [bus 04-0b]
[    7.552571] <host> kernel: pci 0000:04:00.0: PCI bridge to [bus 05]
[    7.552609] <host> kernel: pci 0000:04:08.0: PCI bridge to [bus 06]
[    7.552645] <host> kernel: pci 0000:04:09.0: PCI bridge to [bus 07]
[    7.552683] <host> kernel: pci 0000:08:00.0: [8086:125c] type 00 class 0x020000 PCIe Endpoint
[    7.552722] <host> kernel: pci 0000:08:00.0: BAR 0 [mem 0xf4600000-0xf46fffff]
[    7.552759] <host> kernel: pci 0000:08:00.0: BAR 3 [mem 0xf4700000-0xf4703fff]
[    7.552797] <host> kernel: pci 0000:08:00.0: PME# supported from D0 D3hot D3cold
[    7.552834] <host> kernel: pci 0000:04:0a.0: PCI bridge to [bus 08]
[    7.552872] <host> kernel: pci 0000:09:00.0: [14c3:7925] type 00 class 0x028000 PCIe Endpoint
[    7.552911] <host> kernel: pci 0000:09:00.0: BAR 0 [mem 0xf4200000-0xf43fffff 64bit]
[    7.552949] <host> kernel: pci 0000:09:00.0: BAR 2 [mem 0xf4400000-0xf4407fff 64bit]
[    7.552988] <host> kernel: pci 0000:09:00.0: enabling Extended Tags
[    7.553044] <host> kernel: pci 0000:09:00.0: PME# supported from D0 D3hot D3cold
[    7.553081] <host> kernel: pci 0000:04:0b.0: PCI bridge to [bus 09]
[    7.553120] <host> kernel: pci 0000:0a:00.0: [1022:43fc] type 00 class 0x0c0330 PCIe Legacy Endpoint
[    7.553158] <host> kernel: pci 0000:0a:00.0: BAR 0 [mem 0xf4900000-0xf4907fff 64bit]
[    7.553196] <host> kernel: pci 0000:0a:00.0: enabling Extended Tags
[    7.553236] <host> kernel: pci 0000:0a:00.0: PME# supported from D0 D3hot D3cold
[    7.553272] <host> kernel: pci 0000:04:0c.0: PCI bridge to [bus 0a]
[    7.553310] <host> kernel: pci 0000:0b:00.0: [1022:43f6] type 00 class 0x010601 PCIe Legacy Endpoint
[    7.553348] <host> kernel: pci 0000:0b:00.0: BAR 5 [mem 0xf4880000-0xf48803ff]
[    7.553386] <host> kernel: pci 0000:0b:00.0: ROM [mem 0xf4800000-0xf487ffff pref]
[    7.553426] <host> kernel: pci 0000:0b:00.0: enabling Extended Tags
[    7.553464] <host> kernel: pci 0000:0b:00.0: PME# supported from D0 D3hot D3cold
[    7.553500] <host> kernel: pci 0000:04:0d.0: PCI bridge to [bus 0b]
[    7.553535] <host> kernel: pci 0000:0c:00.0: [1022:14de] type 00 class 0x130000 PCIe Legacy Endpoint
[    7.553569] <host> kernel: pci 0000:0c:00.0: enabling Extended Tags
[    7.553603] <host> kernel: pci 0000:0c:00.2: [1022:1649] type 00 class 0x108000 PCIe Endpoint
[    7.553638] <host> kernel: pci 0000:0c:00.2: BAR 2 [mem 0xf4c00000-0xf4cfffff]
[    7.553671] <host> kernel: pci 0000:0c:00.2: BAR 5 [mem 0xf4d00000-0xf4d01fff]
[    7.553704] <host> kernel: pci 0000:0c:00.2: enabling Extended Tags
[    7.553739] <host> kernel: pci 0000:0c:00.3: [1022:15b6] type 00 class 0x0c0330 PCIe Endpoint
[    7.553773] <host> kernel: pci 0000:0c:00.3: BAR 0 [mem 0xf4b00000-0xf4bfffff 64bit]
[    7.553808] <host> kernel: pci 0000:0c:00.3: enabling Extended Tags
[    7.553843] <host> kernel: pci 0000:0c:00.3: PME# supported from D0 D3hot D3cold
[    7.553881] <host> kernel: pci 0000:0c:00.4: [1022:15b7] type 00 class 0x0c0330 PCIe Endpoint
[    7.553916] <host> kernel: pci 0000:0c:00.4: BAR 0 [mem 0xf4a00000-0xf4afffff 64bit]
[    7.553950] <host> kernel: pci 0000:0c:00.4: enabling Extended Tags
[    7.553984] <host> kernel: pci 0000:0c:00.4: PME# supported from D0 D3hot D3cold
[    7.554025] <host> kernel: pci 0000:00:08.1: PCI bridge to [bus 0c]
[    7.554060] <host> kernel: pci 0000:0d:00.0: [1022:15b8] type 00 class 0x0c0330 PCIe Endpoint
[    7.554095] <host> kernel: pci 0000:0d:00.0: BAR 0 [mem 0xf4e00000-0xf4efffff 64bit]
[    7.554129] <host> kernel: pci 0000:0d:00.0: enabling Extended Tags
[    7.554164] <host> kernel: pci 0000:0d:00.0: PME# supported from D0 D3hot D3cold
[    7.554196] <host> kernel: pci 0000:00:08.3: PCI bridge to [bus 0d]
[    7.554200] <host> kernel: ACPI: PCI: Interrupt link LNKA configured for IRQ 0
[    7.554203] <host> kernel: ACPI: PCI: Interrupt link LNKB configured for IRQ 0
[    7.554206] <host> kernel: ACPI: PCI: Interrupt link LNKC configured for IRQ 0
[    7.554209] <host> kernel: ACPI: PCI: Interrupt link LNKD configured for IRQ 0
[    7.554212] <host> kernel: ACPI: PCI: Interrupt link LNKE configured for IRQ 0
[    7.554215] <host> kernel: ACPI: PCI: Interrupt link LNKF configured for IRQ 0
[    7.554218] <host> kernel: ACPI: PCI: Interrupt link LNKG configured for IRQ 0
[    7.554221] <host> kernel: ACPI: PCI: Interrupt link LNKH configured for IRQ 0
[    7.554224] <host> kernel: ACPI: EC: interrupt unblocked
[    7.554227] <host> kernel: ACPI: EC: event unblocked
[    7.554230] <host> kernel: ACPI: EC: EC_CMD/EC_SC=0x66, EC_DATA=0x62
[    7.554233] <host> kernel: ACPI: EC: GPE=0x4
[    7.554236] <host> kernel: ACPI: \_SB_.PCI0.SBRG.EC0_: Boot DSDT EC initialization complete
[    7.554239] <host> kernel: ACPI: \_SB_.PCI0.SBRG.EC0_: EC: Used to handle transactions and events
[    7.554242] <host> kernel: iommu: Default domain type: Translated
[    7.554245] <host> kernel: iommu: DMA domain TLB invalidation policy: lazy mode
[    7.554248] <host> kernel: SCSI subsystem initialized
[    7.554251] <host> kernel: libata version 3.00 loaded.
[    7.554254] <host> kernel: ACPI: bus type USB registered
[    7.554256] <host> kernel: usbcore: registered new interface driver usbfs
[    7.554259] <host> kernel: usbcore: registered new interface driver hub
[    7.554262] <host> kernel: usbcore: registered new device driver usb
[    7.554265] <host> kernel: EDAC MC: Ver: 3.0.0
[    7.554268] <host> kernel: efivars: Registered efivars operations
[    7.554270] <host> kernel: NetLabel: Initializing
[    7.554273] <host> kernel: NetLabel:  domain hash size = 128
[    7.554276] <host> kernel: NetLabel:  protocols = UNLABELED CIPSOv4 CALIPSO
[    7.554279] <host> kernel: NetLabel:  unlabeled traffic allowed by default
[    7.554281] <host> kernel: mctp: management component transport protocol core
[    7.554284] <host> kernel: NET: Registered PF_MCTP protocol family
[    7.554287] <host> kernel: PCI: Using ACPI for IRQ routing
[    7.554290] <host> kernel: PCI: pci_cache_line_size set to 64 bytes
[    7.554293] <host> kernel: e820: register RAM buffer resource [mem 0x09aff000-0x0bffffff]
[    7.554296] <host> kernel: e820: register RAM buffer resource [mem 0x0a200000-0x0bffffff]
[    7.554299] <host> kernel: e820: register RAM buffer resource [mem 0x0b000000-0x0bffffff]
[    7.554302] <host> kernel: e820: register RAM buffer resource [mem 0x655be000-0x67ffffff]
[    7.554305] <host> kernel: e820: register RAM buffer resource [mem 0x6ac66000-0x6bffffff]
[    7.554307] <host> kernel: e820: register RAM buffer resource [mem 0x79ff7000-0x7bffffff]
[    7.554310] <host> kernel: e820: register RAM buffer resource [mem 0x7a000000-0x7bffffff]
[    7.554313] <host> kernel: e820: register RAM buffer resource [mem 0xc7de80000-0xc7fffffff]
[    7.554347] <host> kernel: pci 0000:01:00.0: vgaarb: setting as boot VGA device
[    7.554381] <host> kernel: pci 0000:01:00.0: vgaarb: bridge control possible
[    7.554414] <host> kernel: pci 0000:01:00.0: vgaarb: VGA device added: decodes=io+mem,owns=none,locks=none
[    7.554418] <host> kernel: vgaarb: loaded
[    7.554420] <host> kernel: hpet0: at MMIO 0xfed00000, IRQs 2, 8, 0
[    7.554423] <host> kernel: hpet0: 3 comparators, 32-bit 14.318180 MHz counter
[    7.554426] <host> kernel: clocksource: Switched to clocksource tsc-early
[    7.554429] <host> kernel: VFS: Disk quotas dquot_6.6.0
[    7.554432] <host> kernel: VFS: Dquot-cache hash table entries: 512 (4096 bytes)
[    7.554468] <host> kernel: acpi PNP0C01:00: Reserved [mem 0xe0000000-0xefffffff]
[    7.554504] <host> kernel: acpi PNP0C02:00: Could not reserve [mem 0xf7400000-0xf747ffff]
[    7.554542] <host> kernel: acpi PNP0C02:01: Could not reserve [mem 0x1000000000000 window]
[    7.554580] <host> kernel: acpi PNP0C02:02: Reserved [io  0x0290-0x029f]
[    7.554615] <host> kernel: acpi PNP0C02:02: Reserved [io  0x0200-0x023f]
[    7.554650] <host> kernel: acpi PNP0C02:03: Skipped [io  0x0010-0x001f]
[    7.554683] <host> kernel: acpi PNP0C02:03: Skipped [io  0x0022-0x003f]
[    7.554716] <host> kernel: acpi PNP0C02:03: Skipped [io  0x0063]
[    7.554748] <host> kernel: acpi PNP0C02:03: Skipped [io  0x0065]
[    7.554781] <host> kernel: acpi PNP0C02:03: Skipped [io  0x0067-0x006f]
[    7.554815] <host> kernel: acpi PNP0C02:03: Skipped [io  0x0072-0x007f]
[    7.554847] <host> kernel: acpi PNP0C02:03: Skipped [io  0x0080]
[    7.554880] <host> kernel: acpi PNP0C02:03: Skipped [io  0x0084-0x0086]
[    7.554912] <host> kernel: acpi PNP0C02:03: Skipped [io  0x0088]
[    7.554944] <host> kernel: acpi PNP0C02:03: Skipped [io  0x008c-0x008e]
[    7.554977] <host> kernel: acpi PNP0C02:03: Skipped [io  0x0090-0x009f]
[    7.555014] <host> kernel: acpi PNP0C02:03: Skipped [io  0x00a2-0x00bf]
[    7.555047] <host> kernel: acpi PNP0C02:03: Skipped [io  0x00b1]
[    7.555080] <host> kernel: acpi PNP0C02:03: Skipped [io  0x00e0-0x00ef]
[    7.555112] <host> kernel: acpi PNP0C02:03: Reserved [io  0x04d0-0x04d1]
[    7.555147] <host> kernel: acpi PNP0C02:03: Reserved [io  0x040b]
[    7.555179] <host> kernel: acpi PNP0C02:03: Reserved [io  0x04d6]
[    7.555212] <host> kernel: acpi PNP0C02:03: Reserved [io  0x0c00-0x0c01]
[    7.555244] <host> kernel: acpi PNP0C02:03: Reserved [io  0x0c14]
[    7.555276] <host> kernel: acpi PNP0C02:03: Reserved [io  0x0c50-0x0c51]
[    7.555309] <host> kernel: acpi PNP0C02:03: Reserved [io  0x0c52]
[    7.555341] <host> kernel: acpi PNP0C02:03: Reserved [io  0x0c6c]
[    7.555373] <host> kernel: acpi PNP0C02:03: Reserved [io  0x0c6f]
[    7.555405] <host> kernel: acpi PNP0C02:03: Reserved [io  0x0cd8-0x0cdf]
[    7.555437] <host> kernel: acpi PNP0C02:03: Reserved [io  0x0800-0x089f]
[    7.555470] <host> kernel: acpi PNP0C02:03: Reserved [io  0x0b00-0x0b0f]
[    7.555503] <host> kernel: acpi PNP0C02:03: Reserved [io  0x0b20-0x0b3f]
[    7.555536] <host> kernel: acpi PNP0C02:03: Reserved [io  0x0900-0x090f]
[    7.555568] <host> kernel: acpi PNP0C02:03: Reserved [io  0x0910-0x091f]
[    7.555601] <host> kernel: acpi PNP0C02:03: Reserved [mem 0xfedc0000-0xfedc0fff]
[    7.555633] <host> kernel: acpi PNP0C02:03: Reserved [mem 0xfee00000-0xfee00fff]
[    7.555666] <host> kernel: acpi PNP0C02:03: Reserved [mem 0xfec10000-0xfec10fff]
[    7.555698] <host> kernel: acpi PNP0C02:03: Reserved [mem 0xfeb00000-0xfeb00fff]
[    7.555730] <host> kernel: acpi PNP0C02:03: Reserved [mem 0xff000000-0xffffffff]
[    7.555734] <host> kernel: pnp: PnP ACPI init
[    7.555737] <host> kernel: pnp: PnP ACPI: found 0 devices
[    7.555740] <host> kernel: clocksource: acpi_pm: mask: 0xffffff max_cycles: 0xffffff, max_idle_ns: 2085701024 ns
[    7.555743] <host> kernel: NET: Registered PF_INET protocol family
[    7.555746] <host> kernel: IP idents hash table entries: 262144 (order: 9, 2097152 bytes, linear)
[    7.555749] <host> kernel: tcp_listen_portaddr_hash hash table entries: 32768 (order: 7, 524288 bytes, linear)
[    7.555752] <host> kernel: Table-perturb hash table entries: 65536 (order: 6, 262144 bytes, linear)
[    7.555755] <host> kernel: TCP established hash table entries: 524288 (order: 10, 4194304 bytes, linear)
[    7.555758] <host> kernel: TCP bind hash table entries: 65536 (order: 9, 2097152 bytes, linear)
[    7.555761] <host> kernel: TCP: Hash tables configured (established 524288 bind 65536)
[    7.555764] <host> kernel: MPTCP token hash table entries: 65536 (order: 9, 1572864 bytes, linear)
[    7.555767] <host> kernel: UDP hash table entries: 32768 (order: 9, 2097152 bytes, linear)
[    7.555770] <host> kernel: NET: Registered PF_UNIX/PF_LOCAL protocol family
[    7.555773] <host> kernel: NET: Registered PF_XDP protocol family
[    7.555808] <host> kernel: pci 0000:01:00.0: VF BAR 2 [mem size 0x10000000 64bit pref]: can't assign; no space
[    7.555842] <host> kernel: pci 0000:01:00.0: VF BAR 2 [mem size 0x10000000 64bit pref]: failed to assign
[    7.555876] <host> kernel: pci 0000:01:00.0: VF BAR 4 [mem size 0x02000000 64bit pref]: can't assign; no space
[    7.555910] <host> kernel: pci 0000:01:00.0: VF BAR 4 [mem size 0x02000000 64bit pref]: failed to assign
[    7.555944] <host> kernel: pci 0000:01:00.0: VF BAR 0 [mem 0xf40c0000-0xf40fffff 64bit pref]: assigned
[    7.555979] <host> kernel: pci 0000:00:01.1: PCI bridge to [bus 01]
[    7.556017] <host> kernel: pci 0000:00:01.1:   bridge window [io  0xf000-0xffff]
[    7.556050] <host> kernel: pci 0000:00:01.1:   bridge window [mem 0xf0000000-0xf40fffff]
[    7.556082] <host> kernel: pci 0000:00:01.1:   bridge window [mem 0xf000000000-0xf801ffffff 64bit pref]
[    7.556114] <host> kernel: pci 0000:00:01.2: PCI bridge to [bus 02]
[    7.556146] <host> kernel: pci 0000:00:01.2:   bridge window [mem 0xf4f00000-0xf4ffffff]
[    7.556182] <host> kernel: pci 0000:04:00.0: PCI bridge to [bus 05]
[    7.556219] <host> kernel: pci 0000:04:08.0: PCI bridge to [bus 06]
[    7.556254] <host> kernel: pci 0000:04:09.0: PCI bridge to [bus 07]
[    7.556291] <host> kernel: pci 0000:04:0a.0: PCI bridge to [bus 08]
[    7.556328] <host> kernel: pci 0000:04:0a.0:   bridge window [mem 0xf4600000-0xf47fffff]
[    7.556364] <host> kernel: pci 0000:04:0b.0: PCI bridge to [bus 09]
[    7.556400] <host> kernel: pci 0000:04:0b.0:   bridge window [mem 0xf4200000-0xf44fffff]
[    7.556436] <host> kernel: pci 0000:04:0c.0: PCI bridge to [bus 0a]
[    7.556472] <host> kernel: pci 0000:04:0c.0:   bridge window [mem 0xf4900000-0xf49fffff]
[    7.556507] <host> kernel: pci 0000:04:0d.0: PCI bridge to [bus 0b]
[    7.556542] <host> kernel: pci 0000:04:0d.0:   bridge window [mem 0xf4800000-0xf48fffff]
[    7.556577] <host> kernel: pci 0000:03:00.0: PCI bridge to [bus 04-0b]
[    7.556611] <host> kernel: pci 0000:03:00.0:   bridge window [mem 0xf4200000-0xf49fffff]
[    7.556643] <host> kernel: pci 0000:00:02.1: PCI bridge to [bus 03-0b]
[    7.556676] <host> kernel: pci 0000:00:02.1:   bridge window [mem 0xf4200000-0xf49fffff]
[    7.556709] <host> kernel: pci 0000:00:08.1: PCI bridge to [bus 0c]
[    7.556742] <host> kernel: pci 0000:00:08.1:   bridge window [mem 0xf4a00000-0xf4dfffff]
[    7.556774] <host> kernel: pci 0000:00:08.3: PCI bridge to [bus 0d]
[    7.556806] <host> kernel: pci 0000:00:08.3:   bridge window [mem 0xf4e00000-0xf4efffff]
[    7.556835] <host> kernel: pci_bus 0000:00: Some PCI device resources are unassigned, try booting with pci=realloc
[    7.556863] <host> kernel: pci_bus 0000:00: resource 4 [io  0x0000-0x03af window]
[    7.556891] <host> kernel: pci_bus 0000:00: resource 5 [io  0x03e0-0x0cf7 window]
[    7.556919] <host> kernel: pci_bus 0000:00: resource 6 [io  0x03b0-0x03df window]
[    7.556947] <host> kernel: pci_bus 0000:00: resource 7 [io  0x0d00-0xffff window]
[    7.556975] <host> kernel: pci_bus 0000:00: resource 8 [mem 0x000a0000-0x000dffff window]
[    7.557004] <host> kernel: pci_bus 0000:00: resource 9 [mem 0x80000000-0xf7ffffff window]
[    7.557036] <host> kernel: pci_bus 0000:00: resource 10 [mem 0xc80000000-0xffffffffff window]
[    7.557069] <host> kernel: pci_bus 0000:01: resource 0 [io  0xf000-0xffff]
[    7.557099] <host> kernel: pci_bus 0000:01: resource 1 [mem 0xf0000000-0xf40fffff]
[    7.557129] <host> kernel: pci_bus 0000:01: resource 2 [mem 0xf000000000-0xf801ffffff 64bit pref]
[    7.557160] <host> kernel: pci_bus 0000:02: resource 1 [mem 0xf4f00000-0xf4ffffff]
[    7.557192] <host> kernel: pci_bus 0000:03: resource 1 [mem 0xf4200000-0xf49fffff]
[    7.557227] <host> kernel: pci_bus 0000:04: resource 1 [mem 0xf4200000-0xf49fffff]
[    7.557263] <host> kernel: pci_bus 0000:08: resource 1 [mem 0xf4600000-0xf47fffff]
[    7.557299] <host> kernel: pci_bus 0000:09: resource 1 [mem 0xf4200000-0xf44fffff]
[    7.557336] <host> kernel: pci_bus 0000:0a: resource 1 [mem 0xf4900000-0xf49fffff]
[    7.557372] <host> kernel: pci_bus 0000:0b: resource 1 [mem 0xf4800000-0xf48fffff]
[    7.557404] <host> kernel: pci_bus 0000:0c: resource 1 [mem 0xf4a00000-0xf4dfffff]
[    7.557435] <host> kernel: pci_bus 0000:0d: resource 1 [mem 0xf4e00000-0xf4efffff]
[    7.557471] <host> kernel: pci 0000:01:00.1: extending delay after power-on from D3hot to 20 msec
[    7.557506] <host> kernel: pci 0000:01:00.1: D0 power state depends on 0000:01:00.0
[    7.557510] <host> kernel: PCI: CLS 64 bytes, default 64
[    7.557541] <host> kernel: pci 0000:00:00.2: AMD-Vi: IOMMU performance counters supported
[    7.557545] <host> kernel: Trying to unpack rootfs image as initramfs...
[    7.557577] <host> kernel: pci 0000:00:01.0: Adding to iommu group 0
[    7.557611] <host> kernel: pci 0000:00:01.1: Adding to iommu group 1
[    7.557645] <host> kernel: pci 0000:00:01.2: Adding to iommu group 2
[    7.557678] <host> kernel: pci 0000:00:02.0: Adding to iommu group 3
[    7.557711] <host> kernel: pci 0000:00:02.1: Adding to iommu group 4
[    7.557743] <host> kernel: pci 0000:00:03.0: Adding to iommu group 5
[    7.557775] <host> kernel: pci 0000:00:04.0: Adding to iommu group 6
[    7.557807] <host> kernel: pci 0000:00:08.0: Adding to iommu group 7
[    7.557839] <host> kernel: pci 0000:00:08.1: Adding to iommu group 8
[    7.557872] <host> kernel: pci 0000:00:08.3: Adding to iommu group 9
[    7.557904] <host> kernel: pci 0000:00:14.0: Adding to iommu group 10
[    7.557936] <host> kernel: pci 0000:00:14.3: Adding to iommu group 10
[    7.557968] <host> kernel: pci 0000:00:18.0: Adding to iommu group 11
[    7.558004] <host> kernel: pci 0000:00:18.1: Adding to iommu group 11
[    7.558037] <host> kernel: pci 0000:00:18.2: Adding to iommu group 11
[    7.558069] <host> kernel: pci 0000:00:18.3: Adding to iommu group 11
[    7.558101] <host> kernel: pci 0000:00:18.4: Adding to iommu group 11
[    7.558132] <host> kernel: pci 0000:00:18.5: Adding to iommu group 11
[    7.558164] <host> kernel: pci 0000:00:18.6: Adding to iommu group 11
[    7.558196] <host> kernel: pci 0000:00:18.7: Adding to iommu group 11
[    7.558230] <host> kernel: pci 0000:01:00.0: Adding to iommu group 12
[    7.558264] <host> kernel: pci 0000:01:00.1: Adding to iommu group 12
[    7.558298] <host> kernel: pci 0000:02:00.0: Adding to iommu group 13
[    7.558333] <host> kernel: pci 0000:03:00.0: Adding to iommu group 14
[    7.558369] <host> kernel: pci 0000:04:00.0: Adding to iommu group 15
[    7.558405] <host> kernel: pci 0000:04:08.0: Adding to iommu group 16
[    7.558440] <host> kernel: pci 0000:04:09.0: Adding to iommu group 17
[    7.558476] <host> kernel: pci 0000:04:0a.0: Adding to iommu group 18
[    7.558512] <host> kernel: pci 0000:04:0b.0: Adding to iommu group 19
[    7.558548] <host> kernel: pci 0000:04:0c.0: Adding to iommu group 20
[    7.558583] <host> kernel: pci 0000:04:0d.0: Adding to iommu group 21
[    7.558621] <host> kernel: pci 0000:08:00.0: Adding to iommu group 18
[    7.558658] <host> kernel: pci 0000:09:00.0: Adding to iommu group 19
[    7.558697] <host> kernel: pci 0000:0a:00.0: Adding to iommu group 20
[    7.558734] <host> kernel: pci 0000:0b:00.0: Adding to iommu group 21
[    7.558769] <host> kernel: pci 0000:0c:00.0: Adding to iommu group 22
[    7.558803] <host> kernel: pci 0000:0c:00.2: Adding to iommu group 23
[    7.558837] <host> kernel: pci 0000:0c:00.3: Adding to iommu group 24
[    7.558871] <host> kernel: pci 0000:0c:00.4: Adding to iommu group 25
[    7.558905] <host> kernel: pci 0000:0d:00.0: Adding to iommu group 26
[    7.558909] <host> kernel: AMD-Vi: Extended features (0x246577efa2254afa, 0x0): PPR NX GT [5] IA GA PC GA_vAPIC
[    7.558912] <host> kernel: AMD-Vi: Interrupt remapping enabled
[    7.558915] <host> kernel: Freeing initrd memory: 267524K
[    7.558918] <host> kernel: AMD-Vi: Virtual APIC enabled
[    7.558921] <host> kernel: PCI-DMA: Using software bounce buffering for IO (SWIOTLB)
[    7.558924] <host> kernel: software IO TLB: mapped [mem 0x000000005e90c000-0x000000006290c000] (64MB)
[    7.558928] <host> kernel: LVT offset 0 assigned for vector 0x400
[    7.558931] <host> kernel: perf: AMD IBS detected (0x00081bff)
[    7.558934] <host> kernel: perf/amd_iommu: Detected AMD IOMMU #0 (2 banks, 4 counters/bank).
[    7.558937] <host> kernel: Initialise system trusted keyrings
[    7.558939] <host> kernel: Key type blacklist registered
[    7.558942] <host> kernel: workingset: timestamp_bits=36 (anon: 31) max_order=24 bucket_order=0 (anon: 0)
[    7.558945] <host> kernel: fuse: init (API version 7.45)
[    7.558948] <host> kernel: integrity: Platform Keyring initialized
[    7.558951] <host> kernel: integrity: Machine keyring initialized
[    7.558955] <host> kernel: Key type asymmetric registered
[    7.558957] <host> kernel: Asymmetric key parser 'x509' registered
[    7.558960] <host> kernel: Block layer SCSI generic (bsg) driver version 0.4 loaded (major 245)
[    7.558963] <host> kernel: io scheduler mq-deadline registered
[    7.558966] <host> kernel: io scheduler kyber registered
[    7.558969] <host> kernel: io scheduler bfq registered
[    7.558972] <host> kernel: ledtrig-cpu: registered to indicate activity on CPUs
[    7.559005] <host> kernel: pcieport 0000:00:01.1: PME: Signaling with IRQ 27
[    7.559037] <host> kernel: pcieport 0000:00:01.2: PME: Signaling with IRQ 28
[    7.559069] <host> kernel: pcieport 0000:00:02.1: PME: Signaling with IRQ 29
[    7.559101] <host> kernel: pcieport 0000:00:08.1: PME: Signaling with IRQ 30
[    7.559133] <host> kernel: pcieport 0000:00:08.3: PME: Signaling with IRQ 31
[    7.559137] <host> kernel: input: Power Button as /devices/platform/PNP0C0C:00/input/input0
[    7.559140] <host> kernel: ACPI: button: Power Button [PWRB]
[    7.559143] <host> kernel: input: Power Button as /devices/platform/LNXPWRBN:00/input/input1
[    7.559146] <host> kernel: ACPI: button: Power Button [PWRF]
[    7.559149] <host> kernel: Monitor-Mwait will be used to enter C-1 state
[    7.559152] <host> kernel: Estimated ratio of average max frequency by base frequency (times 1024): 1086
[    7.559155] <host> kernel: Serial: 8250/16550 driver, 32 ports, IRQ sharing enabled
[    7.559158] <host> kernel: serial8250: ttyS0 at I/O 0x3f8 (irq = 4, base_baud = 115200) is a 16550A
[    7.559161] <host> kernel: Non-volatile memory driver v1.3
[    7.559192] <host> kernel: tpm_crb_acpi MSFT0101:00: Disabling hwrng
[    7.559196] <host> kernel: ACPI: bus type drm_connector registered
[    7.559234] <host> kernel: ahci 0000:0b:00.0: enabling device (0000 -> 0002)
[    7.559272] <host> kernel: ahci 0000:0b:00.0: SSS flag set, parallel bus scan disabled
[    7.559309] <host> kernel: ahci 0000:0b:00.0: AHCI vers 0001.0301, 32 command slots, 6 Gbps, SATA mode
[    7.559346] <host> kernel: ahci 0000:0b:00.0: 4/6 ports implemented (port mask 0xf)
[    7.559383] <host> kernel: ahci 0000:0b:00.0: flags: 64bit ncq sntf stag pm led clo only pmp pio slum part sxs deso sadm sds apst 
[    7.559423] <host> kernel: scsi host0: ahci
[    7.559461] <host> kernel: scsi host1: ahci
[    7.559498] <host> kernel: scsi host2: ahci
[    7.559535] <host> kernel: scsi host3: ahci
[    7.559573] <host> kernel: scsi host4: ahci
[    7.559613] <host> kernel: scsi host5: ahci
[    7.559617] <host> kernel: ata1: SATA max UDMA/133 abar m1024@0xf4880000 port 0xf4880100 irq 40 lpm-pol 3
[    7.559620] <host> kernel: ata2: SATA max UDMA/133 abar m1024@0xf4880000 port 0xf4880180 irq 40 lpm-pol 3
[    7.559623] <host> kernel: ata3: SATA max UDMA/133 abar m1024@0xf4880000 port 0xf4880200 irq 40 lpm-pol 3
[    7.559626] <host> kernel: ata4: SATA max UDMA/133 abar m1024@0xf4880000 port 0xf4880280 irq 40 lpm-pol 3
[    7.559629] <host> kernel: ata5: DUMMY
[    7.559632] <host> kernel: ata6: DUMMY
[    7.559666] <host> kernel: xhci_hcd 0000:0c:00.3: xHCI Host Controller
[    7.559701] <host> kernel: xhci_hcd 0000:0c:00.3: new USB bus registered, assigned bus number 1
[    7.559734] <host> kernel: xhci_hcd 0000:0c:00.3: hcc params 0x0120ffc5 hci version 0x120 quirks 0x0000000200000010
[    7.559768] <host> kernel: xhci_hcd 0000:0c:00.3: xHCI Host Controller
[    7.559801] <host> kernel: xhci_hcd 0000:0c:00.3: new USB bus registered, assigned bus number 2
[    7.559838] <host> kernel: xhci_hcd 0000:0c:00.3: Host supports USB 3.1 Enhanced SuperSpeed
[    7.559882] <host> kernel: usb usb1: New USB device found, idVendor=1d6b, idProduct=0002, bcdDevice= 7.02
[    7.559917] <host> kernel: usb usb1: New USB device strings: Mfr=3, Product=2, SerialNumber=1
[    7.559950] <host> kernel: usb usb1: Product: xHCI Host Controller
[    7.559982] <host> kernel: usb usb1: Manufacturer: Linux 7.2.4-arch1-2 xhci-hcd
[    7.560016] <host> kernel: usb usb1: SerialNumber: <serial>
[    7.560055] <host> kernel: hub 1-0:1.0: USB hub found
[    7.560095] <host> kernel: hub 1-0:1.0: 2 ports detected
[    7.560133] <host> kernel: usb usb2: We don't know the algorithms for LPM for this host, disabling LPM.
[    7.560171] <host> kernel: usb usb2: New USB device found, idVendor=1d6b, idProduct=0003, bcdDevice= 7.02
[    7.560203] <host> kernel: usb usb2: New USB device strings: Mfr=3, Product=2, SerialNumber=1
[    7.560235] <host> kernel: usb usb2: Product: xHCI Host Controller
[    7.560265] <host> kernel: usb usb2: Manufacturer: Linux 7.2.4-arch1-2 xhci-hcd
[    7.560296] <host> kernel: usb usb2: SerialNumber: <serial>
[    7.560333] <host> kernel: hub 2-0:1.0: USB hub found
[    7.560372] <host> kernel: hub 2-0:1.0: 2 ports detected
[    7.560407] <host> kernel: xhci_hcd 0000:0c:00.4: xHCI Host Controller
[    7.560442] <host> kernel: xhci_hcd 0000:0c:00.4: new USB bus registered, assigned bus number 3
[    7.560476] <host> kernel: xhci_hcd 0000:0c:00.4: hcc params 0x0120ffc5 hci version 0x120 quirks 0x0000000200000010
[    7.560510] <host> kernel: xhci_hcd 0000:0c:00.4: xHCI Host Controller
[    7.560544] <host> kernel: xhci_hcd 0000:0c:00.4: new USB bus registered, assigned bus number 4
[    7.560579] <host> kernel: xhci_hcd 0000:0c:00.4: Host supports USB 3.1 Enhanced SuperSpeed
[    7.560617] <host> kernel: usb usb3: New USB device found, idVendor=1d6b, idProduct=0002, bcdDevice= 7.02
[    7.560650] <host> kernel: usb usb3: New USB device strings: Mfr=3, Product=2, SerialNumber=1
[    7.560681] <host> kernel: usb usb3: Product: xHCI Host Controller
[    7.560712] <host> kernel: usb usb3: Manufacturer: Linux 7.2.4-arch1-2 xhci-hcd
[    7.560743] <host> kernel: usb usb3: SerialNumber: <serial>
[    7.560784] <host> kernel: hub 3-0:1.0: USB hub found
[    7.560822] <host> kernel: hub 3-0:1.0: 2 ports detected
[    7.560860] <host> kernel: usb usb4: We don't know the algorithms for LPM for this host, disabling LPM.
[    7.560898] <host> kernel: usb usb4: New USB device found, idVendor=1d6b, idProduct=0003, bcdDevice= 7.02
[    7.560930] <host> kernel: usb usb4: New USB device strings: Mfr=3, Product=2, SerialNumber=1
[    7.560961] <host> kernel: usb usb4: Product: xHCI Host Controller
[    7.560991] <host> kernel: usb usb4: Manufacturer: Linux 7.2.4-arch1-2 xhci-hcd
[    7.561037] <host> kernel: usb usb4: SerialNumber: <serial>
[    7.561075] <host> kernel: hub 4-0:1.0: USB hub found
[    7.561113] <host> kernel: hub 4-0:1.0: 2 ports detected
[    7.561147] <host> kernel: xhci_hcd 0000:0d:00.0: xHCI Host Controller
[    7.561181] <host> kernel: xhci_hcd 0000:0d:00.0: new USB bus registered, assigned bus number 5
[    7.561215] <host> kernel: xhci_hcd 0000:0d:00.0: USB0 root hub has no ports
[    7.561250] <host> kernel: xhci_hcd 0000:0d:00.0: hcc params 0x0110ffc5 hci version 0x120 quirks 0x0000000200000010
[    7.561288] <host> kernel: usb usb5: New USB device found, idVendor=1d6b, idProduct=0002, bcdDevice= 7.02
[    7.561320] <host> kernel: usb usb5: New USB device strings: Mfr=3, Product=2, SerialNumber=1
[    7.561351] <host> kernel: usb usb5: Product: xHCI Host Controller
[    7.561382] <host> kernel: usb usb5: Manufacturer: Linux 7.2.4-arch1-2 xhci-hcd
[    7.561413] <host> kernel: usb usb5: SerialNumber: <serial>
[    7.561450] <host> kernel: hub 5-0:1.0: USB hub found
[    7.561488] <host> kernel: hub 5-0:1.0: 1 port detected
[    7.561526] <host> kernel: xhci-pci-prom21 0000:0a:00.0: xHCI Host Controller
[    7.561565] <host> kernel: xhci-pci-prom21 0000:0a:00.0: new USB bus registered, assigned bus number 6
[    7.561603] <host> kernel: xhci-pci-prom21 0000:0a:00.0: hcc params 0x0200ef81 hci version 0x110 quirks 0x0000000000000010
[    7.561640] <host> kernel: xhci-pci-prom21 0000:0a:00.0: xHCI Host Controller
[    7.561677] <host> kernel: xhci-pci-prom21 0000:0a:00.0: new USB bus registered, assigned bus number 7
[    7.561716] <host> kernel: xhci-pci-prom21 0000:0a:00.0: Host supports USB 3.2 Enhanced SuperSpeed
[    7.561758] <host> kernel: usb usb6: New USB device found, idVendor=1d6b, idProduct=0002, bcdDevice= 7.02
[    7.561794] <host> kernel: usb usb6: New USB device strings: Mfr=3, Product=2, SerialNumber=1
[    7.561829] <host> kernel: usb usb6: Product: xHCI Host Controller
[    7.561863] <host> kernel: usb usb6: Manufacturer: Linux 7.2.4-arch1-2 xhci-hcd
[    7.561897] <host> kernel: usb usb6: SerialNumber: <serial>
[    7.561938] <host> kernel: hub 6-0:1.0: USB hub found
[    7.561979] <host> kernel: hub 6-0:1.0: 12 ports detected
[    7.562024] <host> kernel: usb usb7: We don't know the algorithms for LPM for this host, disabling LPM.
[    7.562066] <host> kernel: usb usb7: New USB device found, idVendor=1d6b, idProduct=0003, bcdDevice= 7.02
[    7.562102] <host> kernel: usb usb7: New USB device strings: Mfr=3, Product=2, SerialNumber=1
[    7.562136] <host> kernel: usb usb7: Product: xHCI Host Controller
[    7.562170] <host> kernel: usb usb7: Manufacturer: Linux 7.2.4-arch1-2 xhci-hcd
[    7.562204] <host> kernel: usb usb7: SerialNumber: <serial>
[    7.562245] <host> kernel: hub 7-0:1.0: USB hub found
[    7.562286] <host> kernel: hub 7-0:1.0: 5 ports detected
[    7.562289] <host> kernel: usbcore: registered new interface driver usbserial_generic
[    7.562293] <host> kernel: usbserial: USB Serial support registered for generic
[    7.562296] <host> kernel: i8042: PNP: No PS/2 controller found.
[    7.562328] <host> kernel: rtc_cmos PNP0B00:00: RTC can wake from S4
[    7.562360] <host> kernel: rtc_cmos PNP0B00:00: registered as rtc0
[    7.562391] <host> kernel: rtc_cmos PNP0B00:00: setting system clock to 2026-09-13T17:22:27 UTC (1789320147)
[    7.562422] <host> kernel: rtc_cmos PNP0B00:00: alarms up to one month, y3k, 114 bytes nvram
[    7.562436] <host> kernel: simple-framebuffer simple-framebuffer.0: [drm] Registered 1 planes with drm panic
[    7.562440] <host> kernel: [drm] Initialized simpledrm 1.0.0 for simple-framebuffer.0 on minor 0
[    7.562443] <host> kernel: fbcon: Deferring console take-over
[    7.562456] <host> kernel: simple-framebuffer simple-framebuffer.0: [drm] fb0: simpledrmdrmfb frame buffer device
[    7.562459] <host> kernel: hid: raw HID events driver (C) Jiri Kosina
[    7.562462] <host> kernel: usbcore: registered new interface driver usbhid
[    7.562465] <host> kernel: usbhid: USB HID core driver
[    7.562468] <host> kernel: drop_monitor: Initializing network drop monitor service
[    7.562471] <host> kernel: NET: Registered PF_INET6 protocol family
[    7.562474] <host> kernel: Segment Routing with IPv6
[    7.562477] <host> kernel: RPL Segment Routing with IPv6
[    7.562480] <host> kernel: In-situ OAM (IOAM) with IPv6
[    7.562483] <host> kernel: NET: Registered PF_PACKET protocol family
[    7.562486] <host> kernel: x86/amd: Previous system reset reason [0x00080800]: software wrote 0x6 to reset control register 0xCF9
[    7.562489] <host> kernel: AGESA: AGESA!V9 ComboAm5PI 1.2.0.3f
[    7.562492] <host> kernel: microcode: Current revision: 0x0b404035
[    7.562494] <host> kernel: microcode: Updated early from: 0x0b404032
[    7.562497] <host> kernel: resctrl: L3 allocation detected
[    7.562501] <host> kernel: resctrl: MB allocation detected
[    7.562504] <host> kernel: resctrl: SMBA allocation detected
[    7.562506] <host> kernel: resctrl: L3 monitoring detected
[    7.562509] <host> kernel: IPI shorthand broadcast: enabled
[    7.562512] <host> kernel: sched_clock: Marking stable (1390010425, 275346)->(1396704534, -6418763)
[    7.562515] <host> kernel: registered taskstats version 1
[    7.562518] <host> kernel: Loading compiled-in X.509 certificates
[    7.562521] <host> kernel: Loaded X.509 cert 'Build time autogenerated kernel key: b67d9c110f5f327fabf34d2205f71b03c1699d62'
[    7.562524] <host> kernel: Demotion targets for Node 0: null
[    7.562527] <host> kernel: Key type .fscrypt registered
[    7.562530] <host> kernel: Key type fscrypt-provisioning registered
[    7.562533] <host> kernel: Btrfs loaded, zoned=yes, fsverity=yes
[    7.562536] <host> kernel: Key type big_key registered
[    7.562539] <host> kernel: integrity: Loading X.509 certificate: UEFI:db
[    7.562542] <host> kernel: integrity: Loaded X.509 cert 'ASUSTeK MotherBoard SW Key Certificate: da83b990422ebc8c441f8d8b039a65a2'
[    7.562545] <host> kernel: integrity: Loading X.509 certificate: UEFI:db
[    7.562548] <host> kernel: integrity: Loaded X.509 cert 'ASUSTeK Notebook SW Key Certificate: b8e581e4df77a5bb4282d5ccfc00c071'
[    7.562551] <host> kernel: integrity: Loading X.509 certificate: UEFI:db
[    7.562554] <host> kernel: integrity: Loaded X.509 cert 'Microsoft Corporation UEFI CA 2011: 13adbf4309bd82709c8cd54f316ed522988a1bd4'
[    7.562557] <host> kernel: integrity: Loading X.509 certificate: UEFI:db
[    7.562560] <host> kernel: integrity: Loaded X.509 cert 'Microsoft Windows Production PCA 2011: a92902398e16c49778cd90f99e4f9ae17c55af53'
[    7.562563] <host> kernel: integrity: Loading X.509 certificate: UEFI:db
[    7.562566] <host> kernel: integrity: Loaded X.509 cert 'Microsoft UEFI CA 2023: 81aa6b3244c935bce0d6628af39827421e32497d'
[    7.562568] <host> kernel: integrity: Loading X.509 certificate: UEFI:db
[    7.562571] <host> kernel: integrity: Loaded X.509 cert 'Microsoft Corporation: Windows UEFI CA 2023: aefc5fbbbe055d8f8daa585473499417ab5a5272'
[    7.562574] <host> kernel: PM:   Magic number: 10:621:390
[    7.562577] <host> kernel: usb usb6-port12: hash matches
[    7.562610] <host> kernel: thermal cooling_device5: hash matches
[    7.562646] <host> kernel: acpi ACPI0007:0d: hash matches
[    7.562650] <host> kernel: RAS: Correctable Errors collector initialized.
[    7.562653] <host> kernel: clk: Disabling unused clocks
[    7.562656] <host> kernel: PM: genpd: Disabling unused power domains
[    7.562696] <host> kernel: usb 1-2: new full-speed USB device number 2 using xhci_hcd
[    7.562700] <host> kernel: ata1: SATA link down (SStatus 0 SControl 300)
[    7.562744] <host> kernel: usb 6-2: new full-speed USB device number 2 using xhci-pci-prom21
[    7.562785] <host> kernel: usb 1-2: New USB device found, idVendor=3710, idProduct=5402, bcdDevice=40.17
[    7.562819] <host> kernel: usb 1-2: New USB device strings: Mfr=1, Product=2, SerialNumber=0
[    7.562852] <host> kernel: usb 1-2: Product: 1K Dongle
[    7.562884] <host> kernel: usb 1-2: Manufacturer: Pulsar
[    7.562888] <host> kernel: input: Pulsar 1K Dongle as /devices/pci0000:00/0000:00:08.1/0000:0c:00.3/usb1/1-2/1-2:1.0/0003:3710:5402.0001/input/input2
[    7.562931] <host> kernel: hid-generic 0003:3710:5402.0001: input,hidraw0: USB HID v1.11 Mouse [Pulsar 1K Dongle] on usb-0000:0c:00.3-2/input0
[    7.562935] <host> kernel: input: Pulsar 1K Dongle System Control as /devices/pci0000:00/0000:00:08.1/0000:0c:00.3/usb1/1-2/1-2:1.1/0003:3710:5402.0002/input/input3
[    7.562939] <host> kernel: input: Pulsar 1K Dongle Consumer Control as /devices/pci0000:00/0000:00:08.1/0000:0c:00.3/usb1/1-2/1-2:1.1/0003:3710:5402.0002/input/input4
[    7.562942] <host> kernel: input: Pulsar 1K Dongle Keyboard as /devices/pci0000:00/0000:00:08.1/0000:0c:00.3/usb1/1-2/1-2:1.1/0003:3710:5402.0002/input/input5
[    7.562945] <host> kernel: input: Pulsar 1K Dongle as /devices/pci0000:00/0000:00:08.1/0000:0c:00.3/usb1/1-2/1-2:1.1/0003:3710:5402.0002/input/input6
[    7.562987] <host> kernel: hid-generic 0003:3710:5402.0002: input,hidraw1: USB HID v1.11 Keyboard [Pulsar 1K Dongle] on usb-0000:0c:00.3-2/input1
[    7.563030] <host> kernel: hid-generic 0003:3710:5402.0003: hiddev96,hidraw2: USB HID v1.11 Device [Pulsar 1K Dongle] on usb-0000:0c:00.3-2/input2
[    7.563071] <host> kernel: hid-generic 0003:3710:5402.0004: hiddev97,hidraw3: USB HID v1.11 Device [Pulsar 1K Dongle] on usb-0000:0c:00.3-2/input3
[    7.563075] <host> kernel: ata2: SATA link down (SStatus 0 SControl 300)
[    7.563118] <host> kernel: usb 6-2: New USB device found, idVendor=2dc8, idProduct=6013, bcdDevice= 2.00
[    7.563155] <host> kernel: usb 6-2: New USB device strings: Mfr=1, Product=2, SerialNumber=3
[    7.563192] <host> kernel: usb 6-2: Product: Ultimate 2
[    7.563228] <host> kernel: usb 6-2: Manufacturer: 8BitDo
[    7.563263] <host> kernel: usb 6-2: SerialNumber: <serial>
[    7.563309] <host> kernel: hid-generic 0003:2DC8:6013.0005: hiddev98,hidraw4: USB HID v1.10 Device [8BitDo Ultimate 2] on usb-0000:0a:00.0-2/input0
[    7.563354] <host> kernel: usb 6-4: new full-speed USB device number 3 using xhci-pci-prom21
[    7.563358] <host> kernel: ata3: SATA link down (SStatus 0 SControl 300)
[    7.563361] <host> kernel: tsc: Refined TSC clocksource calibration: 4700.018 MHz
[    7.563364] <host> kernel: clocksource: tsc: mask: 0xffffffffffffffff max_cycles: 0x43bf7df5429, max_idle_ns: 440795394623 ns
[    7.563367] <host> kernel: clocksource: Switched to clocksource tsc
[    7.563410] <host> kernel: usb 6-4: New USB device found, idVendor=35ef, idProduct=0021, bcdDevice= 1.00
[    7.563413] <host> kernel: ata4: SATA link down (SStatus 0 SControl 300)
[    7.563416] <host> kernel: Freeing unused decrypted memory: 2028K
[    7.563420] <host> kernel: Freeing unused kernel image (initmem) memory: 4940K
[    7.563423] <host> kernel: Write protecting the kernel read-only data: 40960k
[    7.563425] <host> kernel: Freeing unused kernel image (text/rodata gap) memory: 332K
[    7.563428] <host> kernel: Freeing unused kernel image (rodata/data gap) memory: 776K
[    7.563464] <host> kernel: usb 6-4: New USB device strings: Mfr=1, Product=2, SerialNumber=3
[    7.563501] <host> kernel: usb 6-4: Product: RAISE2
[    7.563536] <host> kernel: usb 6-4: Manufacturer: DYGMA
[    7.563572] <host> kernel: usb 6-4: SerialNumber: <serial>
[    7.563575] <host> kernel: x86/mm: Checked W+X mappings: passed, no W+X pages found.
[    7.563579] <host> kernel: rodata_test: all tests were successful
[    7.563582] <host> kernel: Run /init as init process
[    7.563585] <host> kernel:   with arguments:
[    7.563587] <host> kernel:     /init
[    7.563590] <host> kernel:     splash
[    7.563593] <host> kernel:   with environment:
[    7.563596] <host> kernel:     HOME=/
[    7.563599] <host> kernel:     TERM=linux
[    7.563602] <host> kernel: input: DYGMA RAISE2 Keyboard as /devices/pci0000:00/0000:00:02.1/0000:03:00.0/0000:04:0c.0/0000:0a:00.0/usb6/6-4/6-4:1.2/0003:35EF:0021.0006/input/input7
[    7.563605] <host> kernel: nvidia: loading out-of-tree module taints kernel.
[    7.563608] <host> kernel: nvidia: module verification failed: signature and/or required key missing - tainting kernel
[    7.563611] <host> kernel: input: DYGMA RAISE2 Mouse as /devices/pci0000:00/0000:00:02.1/0000:03:00.0/0000:04:0c.0/0000:0a:00.0/usb6/6-4/6-4:1.2/0003:35EF:0021.0006/input/input8
[    7.563658] <host> kernel: hid-generic 0003:35EF:0021.0006: input,hidraw5: USB HID v1.11 Keyboard [DYGMA RAISE2] on usb-0000:0a:00.0-4/input2
[    7.563662] <host> kernel: nvidia-nvlink: Nvlink Core is being initialized, major device number 239
[    7.563664] <host> kernel: 
[    7.563699] <host> kernel: nvidia 0000:01:00.0: vgaarb: VGA decodes changed: olddecodes=io+mem,decodes=none:owns=none
[    7.563743] <host> kernel: usb 6-6: new high-speed USB device number 4 using xhci-pci-prom21
[    7.563788] <host> kernel: usb 6-6: New USB device found, idVendor=0b05, idProduct=1be1, bcdDevice= 0.02
[    7.563792] <host> kernel: NVRM: loading NVIDIA UNIX Open Kernel Module for x86_64  615.71.09  Release Build  (ms@)  Sun Sep 13 18:45:43 CEST 2026
[    7.563795] <host> kernel: ACPI: video: Video Device [VGA] (multi-head: yes  rom: no  post: no)
[    7.563798] <host> kernel: input: Video Bus as /devices/pci0000:00/0000:00:08.1/acpi.video_bus.0/input/input9
[    7.563801] <host> kernel: nvidia-modeset: Loading NVIDIA UNIX Open Kernel Mode Setting Driver for x86_64  615.71.09  Release Build  (ms@)  Sun Sep 13 18:47:18 CEST 2026
[    7.563804] <host> kernel: [drm] [nvidia-drm] [GPU ID 0x00000100] Loading driver
[    7.563807] <host> kernel: [drm] Initialized nvidia-drm 0.0.0 for 0000:01:00.0 on minor 1
[    7.563844] <host> kernel: nvidia 0000:01:00.0: vgaarb: deactivate vga console
[    7.563848] <host> kernel: fbcon: nvidia-drmdrmfb (fb0) is primary device
[    7.563851] <host> kernel: fbcon: Deferring console take-over
[    7.563885] <host> kernel: nvidia 0000:01:00.0: [drm] fb0: nvidia-drmdrmfb frame buffer device
[    7.563921] <host> kernel: usb 6-6: New USB device strings: Mfr=3, Product=1, SerialNumber=0
[    7.563957] <host> kernel: usb 6-6: Product: USB Audio
[    7.563993] <host> kernel: usb 6-6: Manufacturer: Generic
[    7.564055] <host> kernel: hid-generic 0003:0B05:1BE1.0007: hiddev99,hidraw6: USB HID v1.11 Device [Generic USB Audio] on usb-0000:0a:00.0-6/input7
[    7.564063] <host> kernel: Key type psk registered
[    7.564119] <host> kernel: nvme nvme0: pci function 0000:02:00.0
[    7.564150] <host> kernel: nvme nvme0: D3 entry latency set to 10 seconds
[    7.564179] <host> kernel: nvme nvme0: passthrough uses implicit buffer lengths
[    7.564208] <host> kernel: nvme nvme0: 15/0/0 default/read/poll queues
[    7.564212] <host> kernel:  nvme0n1: p1 p2
[    7.564260] <host> kernel: usb 6-7: new full-speed USB device number 5 using xhci-pci-prom21
[    7.564305] <host> kernel: usb 6-7: New USB device found, idVendor=0b05, idProduct=19af, bcdDevice= 1.00
[    7.564350] <host> kernel: usb 6-7: config 1 has an invalid interface number: 2 but max is 1
[    7.564394] <host> kernel: usb 6-7: config 1 has no interface number 1
[    7.564430] <host> kernel: usb 6-7: New USB device strings: Mfr=1, Product=2, SerialNumber=3
[    7.564466] <host> kernel: usb 6-7: Product: AURA LED Controller
[    7.564502] <host> kernel: usb 6-7: Manufacturer: AsusTek Computer Inc.
[    7.564538] <host> kernel: usb 6-7: SerialNumber: <serial>
[    7.564585] <host> kernel: hid-generic 0003:0B05:19AF.0008: hiddev100,hidraw7: USB HID v1.11 Device [AsusTek Computer Inc. AURA LED Controller] on usb-0000:0a:00.0-7/input2
[    7.564629] <host> kernel: usb 6-10: new full-speed USB device number 6 using xhci-pci-prom21
[    7.564673] <host> kernel: usb 6-10: New USB device found, idVendor=36b0, idProduct=3002, bcdDevice= 1.00
[    7.564709] <host> kernel: usb 6-10: New USB device strings: Mfr=1, Product=2, SerialNumber=0
[    7.564745] <host> kernel: usb 6-10: Product: Neo60 2.4G
[    7.564780] <host> kernel: usb 6-10: Manufacturer: RDMCTMZT
[    7.564784] <host> kernel: input: RDMCTMZT Neo60 2.4G as /devices/pci0000:00/0000:00:02.1/0000:03:00.0/0000:04:0c.0/0000:0a:00.0/usb6/6-10/6-10:1.0/0003:36B0:3002.0009/input/input10
[    7.564829] <host> kernel: hid-generic 0003:36B0:3002.0009: input,hidraw8: USB HID v1.11 Keyboard [RDMCTMZT Neo60 2.4G] on usb-0000:0a:00.0-10/input0
[    7.564873] <host> kernel: hid-generic 0003:36B0:3002.000A: hiddev101,hidraw9: USB HID v1.11 Device [RDMCTMZT Neo60 2.4G] on usb-0000:0a:00.0-10/input1
[    7.564877] <host> kernel: input: RDMCTMZT Neo60 2.4G Mouse as /devices/pci0000:00/0000:00:02.1/0000:03:00.0/0000:04:0c.0/0000:0a:00.0/usb6/6-10/6-10:1.2/0003:36B0:3002.000B/input/input11
[    7.564880] <host> kernel: input: RDMCTMZT Neo60 2.4G System Control as /devices/pci0000:00/0000:00:02.1/0000:03:00.0/0000:04:0c.0/0000:0a:00.0/usb6/6-10/6-10:1.2/0003:36B0:3002.000B/input/input12
[    7.564883] <host> kernel: input: RDMCTMZT Neo60 2.4G Consumer Control as /devices/pci0000:00/0000:00:02.1/0000:03:00.0/0000:04:0c.0/0000:0a:00.0/usb6/6-10/6-10:1.2/0003:36B0:3002.000B/input/input13
[    7.564887] <host> kernel: input: RDMCTMZT Neo60 2.4G Keyboard as /devices/pci0000:00/0000:00:02.1/0000:03:00.0/0000:04:0c.0/0000:0a:00.0/usb6/6-10/6-10:1.2/0003:36B0:3002.000B/input/input14
[    7.564934] <host> kernel: hid-generic 0003:36B0:3002.000B: input,hiddev102,hidraw10: USB HID v1.11 Mouse [RDMCTMZT Neo60 2.4G] on usb-0000:0a:00.0-10/input2
[    7.564978] <host> kernel: usb 6-11: new high-speed USB device number 7 using xhci-pci-prom21
[    7.565024] <host> kernel: usb 6-11: New USB device found, idVendor=13d3, idProduct=3602, bcdDevice= 1.00
[    7.565065] <host> kernel: usb 6-11: New USB device strings: Mfr=5, Product=6, SerialNumber=7
[    7.565101] <host> kernel: usb 6-11: Product: Wireless_Device
[    7.565140] <host> kernel: usb 6-11: Manufacturer: MediaTek Inc.
[    7.565177] <host> kernel: usb 6-11: SerialNumber: <serial>
[    7.565181] <host> kernel: BTRFS: device fsid <uuid> devid 1 transid 997705 /dev/nvme0n1p2 (259:2) scanned by mount (383)
[    7.565184] <host> kernel: BTRFS info (device nvme0n1p2): first mount of filesystem <uuid>
[    7.565187] <host> kernel: BTRFS info (device nvme0n1p2): using crc32c checksum algorithm
[    7.565190] <host> kernel: BTRFS info (device nvme0n1p2): enabling ssd optimizations
[    7.565193] <host> kernel: BTRFS info (device nvme0n1p2): turning on async discard
[    7.565196] <host> kernel: BTRFS info (device nvme0n1p2): enabling free space tree
[    7.565201] <host> systemd[1]: systemd 261.3-1-arch running in system mode (+PAM +AUDIT -SELINUX +APPARMOR -IMA +IPE +SMACK +SECCOMP +GCRYPT +GNUTLS +OPENSSL +ACL +BLKID +CURL +ELFUTILS +FIDO2 +IDN2 +KMOD +LIBCRYPTSETUP +LIBCRYPTSETUP_PLUGINS +LIBFDISK +PCRE2 +PWQUALITY +P11KIT +QRENCODE +TPM2 +BZIP2 +LZ4 +XZ +ZLIB +ZSTD +BPF_FRAMEWORK +BTF +XKBCOMMON +UTMP +LIBARCHIVE)
[    7.565206] <host> systemd[1]: Detected architecture x86-64.
[    7.565209] <host> systemd[1]: Hostname set to <<host>>.
[    7.565213] <host> systemd[1]: bpf-restrict-fs: LSM BPF program attached
[    7.565216] <host> kernel: zram: Added device: zram0
[    7.565219] <host> systemd[1]: Queued start job for default target Graphical Interface.
[    7.565222] <host> systemd[1]: Created slice Slice /system/dirmngr.
[    7.565226] <host> systemd[1]: Created slice Slice /system/getty.
[    7.565229] <host> systemd[1]: Created slice Slice /system/gpg-agent.
[    7.565232] <host> systemd[1]: Created slice Slice /system/gpg-agent-browser.
[    7.565236] <host> systemd[1]: Created slice Slice /system/gpg-agent-extra.
[    7.565239] <host> systemd[1]: Created slice Slice /system/gpg-agent-ssh.
[    7.565242] <host> systemd[1]: Created slice Slice /system/keyboxd.
[    7.565245] <host> systemd[1]: Created slice Slice /system/modprobe.
[    7.565248] <host> systemd[1]: Created slice Slice /system/systemd-fsck.
[    7.565252] <host> systemd[1]: Created slice Slice /system/systemd-zram-setup.
[    7.565255] <host> systemd[1]: Created slice User and Session Slice.
[    7.565258] <host> systemd[1]: Started Forward Password Requests to Wall Directory Watch.
[    7.565262] <host> systemd[1]: Set up automount Arbitrary Executable File Formats File System Automount Point.
[    7.565265] <host> systemd[1]: Expecting device /dev/disk/by-uuid/<volume-id>...
[    7.565268] <host> systemd[1]: Expecting device /dev/disk/by-uuid/<uuid>...
[    7.565271] <host> systemd[1]: Expecting device /dev/zram0...
[    7.565275] <host> systemd[1]: Reached target Login Prompts.
[    7.565278] <host> systemd[1]: Reached target Image Downloads.
[    7.565281] <host> systemd[1]: Reached target Local Integrity Protected Volumes.
[    7.565284] <host> systemd[1]: Reached target Remote File Systems.
[    7.565288] <host> systemd[1]: Reached target Slice Units.
[    7.565291] <host> systemd[1]: Reached target Local Verity Protected Volumes.
[    7.565294] <host> systemd[1]: Listening on Device-mapper event daemon FIFOs.
[    7.565297] <host> systemd[1]: Listening on Query the User Interactively for a Password.
[    7.565301] <host> systemd[1]: Listening on Process Core Dump Socket.
[    7.565304] <host> systemd[1]: Listening on Credential Encryption/Decryption.
[    7.565307] <host> systemd[1]: Listening on Factory Reset Management.
[    7.565310] <host> systemd[1]: Listening on Hostname Service Socket.
[    7.565313] <host> systemd[1]: Listening on Journal Socket (/dev/log).
[    7.565317] <host> systemd[1]: Listening on Journal Sockets.
[    7.565320] <host> systemd[1]: Listening on Console Output Muting Service Socket.
[    7.565323] <host> systemd[1]: Listening on Network Management Metrics Varlink Socket.
[    7.565326] <host> systemd[1]: Listening on Network Management Varlink Socket.
[    7.565329] <host> systemd[1]: Listening on Network Management Netlink Socket.
[    7.565333] <host> systemd[1]: TPM PCR Measurements skipped, unmet condition check ConditionSecurity=measured-os
[    7.565336] <host> systemd[1]: Make TPM PCR Policy skipped, unmet condition check ConditionSecurity=measured-uki
[    7.565340] <host> systemd[1]: Listening on Disk Repartitioning Service Socket.
[    7.565343] <host> systemd[1]: Listening on Resolve Monitor Varlink Socket.
[    7.565346] <host> systemd[1]: Listening on Resolve Service Varlink Socket.
[    7.565349] <host> systemd[1]: Listening on Simple Block Device Backed Storage Provider.
[    7.565352] <host> systemd[1]: Listening on Simple File System Backed Storage Provider.
[    7.565355] <host> systemd[1]: Listening on udev Control Socket.
[    7.565359] <host> systemd[1]: Listening on udev Kernel Socket.
[    7.565362] <host> systemd[1]: Listening on udev Varlink Socket.
[    7.565365] <host> systemd[1]: Listening on User Database Manager Socket.
[    7.565372] <host> systemd[1]: Mounting Huge Pages File System...
[    7.565375] <host> systemd[1]: Mounting POSIX Message Queue File System...
[    7.565378] <host> systemd[1]: Mounting Kernel Debug File System...
[    7.565382] <host> systemd[1]: Mounting Kernel Trace File System...
[    7.565385] <host> systemd[1]: Starting Create List of Static Device Nodes...
[    7.565388] <host> systemd[1]: Load Kernel Module configfs skipped, unmet condition check ConditionKernelModuleLoaded=!configfs
[    7.565391] <host> systemd[1]: Mounting Kernel Configuration File System...
[    7.565395] <host> systemd[1]: Load Kernel Module drm skipped, unmet condition check ConditionKernelModuleLoaded=!drm
[    7.565398] <host> systemd[1]: Load Kernel Module fuse skipped, unmet condition check ConditionKernelModuleLoaded=!fuse
[    7.565401] <host> systemd[1]: Mounting FUSE Control File System...
[    7.565405] <host> systemd[1]: Clear Stale Hibernate Storage Info skipped, unmet condition check ConditionPathExists=/sys/firmware/efi/efivars/HibernateLocation-<uuid>
[    7.565408] <host> systemd[1]: Starting Journal Service...
[    7.565411] <host> systemd[1]: Starting Load Kernel Modules...
[    7.565414] <host> systemd[1]: Starting Generate Network Units from Kernel Command Line...
[    7.565418] <host> systemd[1]: TPM PCR Machine ID Measurement skipped, unmet condition check ConditionSecurity=measured-os
[    7.565421] <host> systemd[1]: TPM PCR OS Separator skipped, unmet condition check ConditionSecurity=measured-os
[    7.565424] <host> systemd[1]: Starting Remount Root and Kernel File Systems...
[    7.565428] <host> systemd[1]: Early TPM SRK Setup skipped, unmet condition check ConditionSecurity=measured-os
[    7.565431] <host> systemd[1]: TPM PCR NvPCR Initialization Separator skipped, unmet condition check ConditionPathExists=/etc/initrd-release
[    7.565434] <host> systemd[1]: TPM NvPCR Product ID Measurement skipped, unmet condition check ConditionSecurity=measured-os
[    7.565437] <host> systemd[1]: Starting Load udev Rules from Credentials...
[    7.565441] <host> systemd[1]: Starting Coldplug All udev Devices...
[    7.565444] <host> systemd[1]: Starting Virtual Console Setup...
[    7.565447] <host> systemd[1]: Mounted Huge Pages File System.
[    7.565453] <host> systemd[1]: Mounted POSIX Message Queue File System.
[    7.565456] <host> systemd[1]: Mounted Kernel Debug File System.
[    7.565459] <host> systemd[1]: Mounted Kernel Trace File System.
[    7.565462] <host> systemd[1]: Finished Create List of Static Device Nodes.
[    7.565466] <host> systemd[1]: Mounted Kernel Configuration File System.
[    7.565469] <host> systemd[1]: Mounted FUSE Control File System.
[    7.565472] <host> systemd[1]: Finished Generate Network Units from Kernel Command Line.
[    7.565475] <host> systemd[1]: Finished Virtual Console Setup.
[    7.565479] <host> systemd[1]: Finished Load udev Rules from Credentials.
[    7.565482] <host> systemd[1]: Reached target Preparation for Network.
[    7.565485] <host> systemd[1]: Listening on Network Management Resolve Hook Socket.
[    7.565488] <host> systemd[1]: Starting Create Static Device Nodes in /dev gracefully...
[    7.565491] <host> kernel: i2c_dev: i2c /dev entries driver
[    7.565501] <host> systemd-journald[460]: Collecting audit messages is disabled.
[    7.565509] <host> kernel: nct6775: Found NCT6796D-S/NCT6799D-R or compatible chip at 0x2e:0x290
[    7.565513] <host> systemd[1]: Starting User Database Manager...
[    7.565516] <host> systemd[1]: Finished Load Kernel Modules.
[    7.565519] <host> systemd[1]: Starting Apply Kernel Variables...
[    7.565522] <host> systemd[1]: Finished Apply Kernel Variables.
[    7.566024] <host> systemd[1]: Started Journal Service.
[    7.608013] <host> kernel: BTRFS info (device nvme0n1p2 state M): use zstd compression, level 3
[    7.701014] <host> kernel: zram0: detected capacity change from 0 to 48965632
[    7.704014] <host> kernel: cfg80211: Loading compiled-in X.509 certificates for regulatory database
[    7.704034] <host> kernel: Loaded X.509 cert 'sforshee: 00b28ddf47aef9cea7'
[    7.704040] <host> kernel: Loaded X.509 cert 'wens: 61c038651aabdcf94bd0ac7ff06c7248db18c600'
[    7.704044] <host> kernel: faux_driver regulatory: Direct firmware load for regulatory.db failed with error -2
[    7.704767] <host> kernel: cfg80211: failed to load regulatory.db
[    7.718016] <host> kernel: pps_core: LinuxPPS API ver. 1 registered
[    7.718029] <host> kernel: pps_core: Software ver. 5.3.6 - Copyright 2005-2007 Rodolfo Giometti <giometti@linux.it>
[    7.719003] <host> kernel: mousedev: PS/2 mouse device common for all mice
[    7.730014] <host> kernel: PTP clock support registered
[    7.731032] <host> kernel: cdc_acm 6-4:1.0: ttyACM0: USB ACM device
[    7.733550] <host> kernel: usbcore: registered new interface driver cdc_acm
[    7.733604] <host> kernel: cdc_acm: USB Abstract Control Model driver for USB modems and ISDN adapters
[    7.733617] <host> kernel: mc: Linux media interface: v0.10
[    7.733626] <host> kernel: RAPL PMU: API unit is 2^-32 Joules, 2 fixed counters, 163840 ms ovfl timer
[    7.733632] <host> kernel: RAPL PMU: hw unit of domain package 2^-16 Joules
[    7.733637] <host> kernel: RAPL PMU: hw unit of domain core 2^-16 Joules
[    7.733642] <host> kernel: ccp 0000:0c:00.2: enabling device (0000 -> 0002)
[    7.733814] <host> kernel: input: PC Speaker as /devices/platform/pcspkr/input/input16
[    7.735066] <host> kernel: ccp 0000:0c:00.2: tee enabled
[    7.736015] <host> kernel: ccp 0000:0c:00.2: psp enabled
[    7.770004] <host> kernel: asus-ec-sensors asus-ec-sensors: board has 4 EC sensors that span 4 registers
[    7.770094] <host> kernel: piix4_smbus 0000:00:14.0: SMBus Host Controller at 0xb00, revision 0
[    7.770150] <host> kernel: piix4_smbus 0000:00:14.0: Using register 0x02 for SMBus port selection
[    7.770194] <host> kernel: Bluetooth: Core ver 2.22
[    7.770198] <host> kernel: NET: Registered PF_BLUETOOTH protocol family
[    7.770202] <host> kernel: Bluetooth: HCI device and connection manager initialized
[    7.770205] <host> kernel: Bluetooth: HCI socket layer initialized
[    7.770209] <host> kernel: Bluetooth: L2CAP socket layer initialized
[    7.770212] <host> kernel: Bluetooth: SCO socket layer initialized
[    7.770216] <host> kernel: Intel(R) 2.5G Ethernet Linux Driver
[    7.770220] <host> kernel: Copyright(c) 2018 Intel Corporation.
[    7.770224] <host> kernel: igc 0000:08:00.0: PCIe PTM not supported by PCIe bus/controller
[    7.771004] <host> kernel: i2c i2c-7: Successfully instantiated SPD at 0x51
[    7.771054] <host> kernel: piix4_smbus 0000:00:14.0: Auxiliary SMBus Host Controller at 0xb20
[    7.774015] <host> kernel: sp5100_tco: SP5100/SB800 TCO WatchDog Timer Driver
[    7.774038] <host> kernel: sp5100-tco sp5100-tco: Using 0xfeb00000 for watchdog MMIO address
[    7.774127] <host> kernel: sp5100-tco sp5100-tco: initialized. heartbeat=60 sec (nowayout=0)
[    7.774181] <host> kernel: asus_wmi: failed to register LPS0 sleep handler in asus-wmi
[    7.775015] <host> kernel: asus_wmi: Initialization: 0x0
[    7.775047] <host> kernel: asus_wmi: BIOS WMI version: 0.0
[    7.775054] <host> kernel: asus_wmi: SFUN value: 0x0
[    7.775059] <host> kernel: eeepc-wmi eeepc-wmi: Detected AsusMbSwInterface, not ASUSWMI, use DSTS
[    7.776013] <host> kernel: input: Eee PC WMI hotkeys as /devices/platform/eeepc-wmi/input/input17
[    7.782005] <host> kernel: usbcore: registered new interface driver btusb
[    7.783006] <host> kernel: spd5118 7-0051: DDR5 temperature sensor: vendor 0x06:0x32 revision 1.6
[    7.794014] <host> kernel: Bluetooth: hci0: HW/SW Version: 0x00000000, Build Time: 20260813113236
[    7.797009] <host> kernel: spd5118 7-0053: DDR5 temperature sensor: vendor 0x06:0x32 revision 1.6
[    7.819008] <host> kernel: Adding 24482812k swap on /dev/zram0.  Priority:100 extents:1 across:24482812k SSDsc
[    7.822004] <host> kernel: snd_hda_intel 0000:01:00.1: enabling device (0000 -> 0002)
[    7.822088] <host> kernel: mt7925e 0000:09:00.0: enabling device (0000 -> 0002)
[    7.822145] <host> kernel: snd_hda_intel 0000:01:00.1: Disabling MSI
[    7.822191] <host> kernel: snd_hda_intel 0000:01:00.1: Handle vga_switcheroo audio client
[    7.822235] <host> kernel: igc 0000:08:00.0 (unnamed net_device) (uninitialized): PHC added
[    7.826013] <host> kernel: mt7925e 0000:09:00.0: ASIC revision: 79250000
[    7.826106] <host> kernel: kvm_amd: TSC scaling supported
[    7.826114] <host> kernel: kvm_amd: Nested Virtualization enabled
[    7.826120] <host> kernel: kvm_amd: Nested Paging enabled
[    7.826127] <host> kernel: kvm_amd: LBR virtualization supported
[    7.826133] <host> kernel: kvm_amd: AVIC enabled
[    7.826139] <host> kernel: kvm_amd: x2AVIC enabled (max 512 vCPUs)
[    7.826148] <host> kernel: kvm_amd: Virtual VMLOAD VMSAVE supported
[    7.826154] <host> kernel: kvm_amd: Virtual GIF supported
[    7.826161] <host> kernel: kvm_amd: Virtual NMI enabled
[    7.848005] <host> kernel: igc 0000:08:00.0: 4.000 Gb/s available PCIe bandwidth (5.0 GT/s PCIe x1 link)
[    7.848103] <host> kernel: igc 0000:08:00.0 eth0: MAC: <mac>
[    7.855004] <host> kernel: input: HDA NVidia HDMI/DP,pcm=3 as /devices/pci0000:00/0000:00:01.1/0000:01:00.1/sound/card1/input18
[    7.855025] <host> kernel: input: HDA NVidia HDMI/DP,pcm=7 as /devices/pci0000:00/0000:00:01.1/0000:01:00.1/sound/card1/input19
[    7.855031] <host> kernel: input: HDA NVidia HDMI/DP,pcm=8 as /devices/pci0000:00/0000:00:01.1/0000:01:00.1/sound/card1/input20
[    7.855035] <host> kernel: input: HDA NVidia HDMI/DP,pcm=9 as /devices/pci0000:00/0000:00:01.1/0000:01:00.1/sound/card1/input21
[    7.856014] <host> kernel: igc 0000:08:00.0 eno1: renamed from eth0
[    7.859023] <host> kernel: intel_rapl_common: Found RAPL domain package
[    7.859038] <host> kernel: intel_rapl_common: Found RAPL domain core
[    7.861013] <host> kernel: amd_atl: AMD Address Translation Library initialized
[    7.903012] <host> kernel: mt7925e 0000:09:00.0: HW/SW Version: 0x8a108a10, Build Time: 20260813113015a
[    8.242060] <host> kernel: mt7925e 0000:09:00.0: WM Firmware Version: ____000000, Build Time: 20260813113118
[    8.616857] <host> systemd-journald[460]: Received client request to flush runtime journal.
[    8.824013] <host> kernel: mt7925e 0000:09:00.0 wlp9s0: renamed from wlan0
[    9.607017] <host> kernel: Bluetooth: BNEP (Ethernet Emulation) ver 1.3
[    9.607053] <host> kernel: Bluetooth: BNEP filters: protocol multicast
[    9.607061] <host> kernel: Bluetooth: BNEP socket layer initialized
[    9.644004] <host> kernel: Bluetooth: hci0: Device setup in 1818906 usecs
[    9.644023] <host> kernel: Bluetooth: hci0: HCI Enhanced Setup Synchronous Connection command is advertised, but not supported.
[    9.814003] <host> kernel: Bluetooth: hci0: AOSP extensions version v1.00
[    9.814021] <host> kernel: Bluetooth: hci0: AOSP quality report is supported
[    9.814030] <host> kernel: Bluetooth: MGMT ver 1.23
[    9.818007] <host> kernel: NET: Registered PF_ALG protocol family
[    9.989005] <host> kernel: fbcon: Taking over console
[    9.990007] <host> kernel: Console: switching to colour frame buffer device 240x67
[   10.131003] <host> kernel: Bluetooth: RFCOMM TTY layer initialized
[   10.131028] <host> kernel: Bluetooth: RFCOMM socket layer initialized
[   10.131036] <host> kernel: Bluetooth: RFCOMM ver 1.11
[   10.567239] <host> kernel: igc 0000:08:00.0 eno1: NIC Link is Up 1000 Mbps Full Duplex, Flow Control: RX
[   15.909016] <host> kernel: usbcore: registered new interface driver snd-usb-audio
[   18.447740] <host> systemd-journald[460]: Time jumped backwards, rotating.
[  264.325029] <host> kernel: nvidia-modeset: WARNING: DP> AuxChCtl Failing, if a device is connected you shouldn't be seeing this
[  264.326022] <host> kernel: nvidia-modeset: WARNING: DPCONN> Zombie? :  1 <pointer>
[  264.331020] <host> kernel: nvidia 0000:01:00.0: [drm] User-defined mode not supported: "3840x2160": 120 1186810 3840 4016 4104 4400 2160 2168 2178 2250 0x20 0x5
[  271.598048] <host> kernel: nvidia-modeset: requested: 0
[  271.605025] <host> kernel: nvidia-modeset: ERROR: Failed to write bw allocation control: 0
[  271.612023] <host> kernel: nvidia-modeset: DP> HPD v1.4
[  271.613021] <host> kernel: nvidia-modeset: DPCONN> Rebuild possible link rate configurations
[  271.614019] <host> kernel: nvidia-modeset: DP> SINK-OUI id(0x00e70c00) : rev:0.0
[  271.621017] <host> kernel: nvidia-modeset: WARNING: DP> AuxChCtl Failing, if a device is connected you shouldn't be seeing this
[  271.627017] <host> kernel: nvidia-modeset: WARNING: DP> AuxChCtl Failing, if a device is connected you shouldn't be seeing this
[  271.633017] <host> kernel: nvidia-modeset: WARNING: DP> AuxChCtl Failing, if a device is connected you shouldn't be seeing this
[  271.638016] <host> kernel: nvidia-modeset: WARNING: DP> AuxChCtl Failing, if a device is connected you shouldn't be seeing this
[  271.644017] <host> kernel: nvidia-modeset: WARNING: DP> AuxChCtl Failing, if a device is connected you shouldn't be seeing this
[  271.650016] <host> kernel: nvidia-modeset: WARNING: DP> AuxChCtl Failing, if a device is connected you shouldn't be seeing this
[  271.656026] <host> kernel: nvidia-modeset: WARNING: DP> AuxChCtl Failing, if a device is connected you shouldn't be seeing this
[  271.662017] <host> kernel: nvidia-modeset: WARNING: DP> AuxChCtl Failing, if a device is connected you shouldn't be seeing this
[  271.668017] <host> kernel: nvidia-modeset: WARNING: DP> AuxChCtl Failing, if a device is connected you shouldn't be seeing this
[  271.674017] <host> kernel: nvidia-modeset: WARNING: DP> AuxChCtl Failing, if a device is connected you shouldn't be seeing this
[  271.680025] <host> kernel: nvidia-modeset: WARNING: DP> AuxChCtl Failing, if a device is connected you shouldn't be seeing this
[  271.686027] <host> kernel: nvidia-modeset: WARNING: DP> AuxChCtl Failing, if a device is connected you shouldn't be seeing this
[  271.692017] <host> kernel: nvidia-modeset: WARNING: DP> AuxChCtl Failing, if a device is connected you shouldn't be seeing this
[  271.697017] <host> kernel: nvidia-modeset: WARNING: DP> AuxChCtl Failing, if a device is connected you shouldn't be seeing this
[  271.703017] <host> kernel: nvidia-modeset: WARNING: DP> AuxChCtl Failing, if a device is connected you shouldn't be seeing this
[  271.709017] <host> kernel: nvidia-modeset: WARNING: DP> AuxChCtl Failing, if a device is connected you shouldn't be seeing this
[  271.715016] <host> kernel: nvidia-modeset: WARNING: DP> AuxChCtl Failing, if a device is connected you shouldn't be seeing this
[  271.720017] <host> kernel: nvidia-modeset: WARNING: DP> AuxChCtl Failing, if a device is connected you shouldn't be seeing this
[  271.726026] <host> kernel: nvidia-modeset: WARNING: DP> AuxChCtl Failing, if a device is connected you shouldn't be seeing this
[  271.732027] <host> kernel: nvidia-modeset: WARNING: DP> AuxChCtl Failing, if a device is connected you shouldn't be seeing this
[  271.752016] <host> kernel: nvidia-modeset: DP-CONN> Edid read complete: Manuf Id: 0xac10, Name: DELL U2725QE
[  271.752041] <host> kernel: nvidia-modeset: DPDIAG flush-enter sor=1 rg=1 mst=0 active=1 discovery=1 complete=0 groupsEmpty=0 transitionEmpty=1
[  271.752058] <host> kernel: nvidia-modeset: DPDIAG flush-group head=2 attached=1 transition=0 dsc=0
[  271.753017] <host> kernel: nvidia-modeset: DPDIAG flush display=0x800 sor=1 enable=1 phase=1 status=0x40
[  271.753043] <host> kernel: nvidia-modeset: ERROR: DP2xEVO> Enabling flush mode failed!
[  271.753057] <host> kernel: nvidia-modeset: ERROR: DP2xCONN> Set flush mode phase 1 failed
[  271.754018] <host> kernel: nvidia-modeset: DPDIAG flush-enter sor=1 rg=1 mst=0 active=1 discovery=1 complete=0 groupsEmpty=0 transitionEmpty=1
[  271.754044] <host> kernel: nvidia-modeset: DPDIAG flush-group head=2 attached=1 transition=0 dsc=0
[  271.754053] <host> kernel: nvidia-modeset: DPDIAG flush display=0x800 sor=1 enable=1 phase=1 status=0x40
[  271.754066] <host> kernel: nvidia-modeset: ERROR: DP2xEVO> Enabling flush mode failed!
[  271.754075] <host> kernel: nvidia-modeset: ERROR: DP2xCONN> Set flush mode phase 1 failed
[  271.754088] <host> kernel: nvidia-modeset: WARNING: DPCONN> Zombie? :  0 <pointer>
[  271.754104] <host> kernel: nvidia-modeset: DP-CONN> NotifyDetectComplete
[  272.165018] <host> kernel: nvidia-modeset: DPDIAG modeset display=0x800 head=3 sourceBpp=30 dsc=0 targetBppX16=0 slices=0
[  272.166019] <host> kernel: nvidia-modeset: DPDIAG modeset display=0x800 head=3 sourceBpp=30 dsc=0 targetBppX16=0 slices=0
[  272.168017] <host> kernel: nvidia-modeset: DPDIAG modeset display=0x800 head=3 sourceBpp=30 dsc=0 targetBppX16=0 slices=0
[  272.169019] <host> kernel: nvidia-modeset: DPDIAG modeset display=0x800 head=3 sourceBpp=30 dsc=0 targetBppX16=0 slices=0
[  272.171017] <host> kernel: nvidia-modeset: DP2xCONN> Notify Attach Begin (Head 3, pclk 533250 (KHz) raster 4000 x 2222  30 bpp, DSC 0, FEC 0)
[  272.171044] <host> kernel: nvidia-modeset: DP2xCONN>   |  (VIDEO) |
[  272.172017] <host> kernel: nvidia-modeset: DP-CONN> Skipping redundant LT from RM.
[  272.172082] <host> kernel: nvidia-modeset: DPDIAG train-start display=0x800 sor=1 rate=540 lanes=4 fec=0 coding128=0 force=0 skip=1 fullFallback=0
[  272.174027] <host> kernel: nvidia-modeset: DPDIAG legacy-train display=0x800 status=0x0 err=0x0 result=1 requestedFec=0 actualFec=0
[  272.174060] <host> kernel: nvidia-modeset: DPDIAG train-attempt display=0x800 attempt=1 result=1 requestedRate=540 requestedLanes=4 actualRate=540 actualLanes=4 requestedFec=0 actualFec=0
[  272.174076] <host> kernel: nvidia-modeset: DPDIAG connector-train sor=1 result=1 force=0 requestedRate=540 requestedLanes=4 requestedFec=0 actualRate=540 actualLanes=4 actualFec=0
[  272.174091] <host> kernel: nvidia-modeset: DPDIAG attach-trained sor=1 result=1 dsc=0 requestedFec=0 actualFec=0 rate=540 lanes=4
[  272.174104] <host> kernel: nvidia-modeset: DPDIAG attach-dsc sor=1 enable=0 result=1
[  272.202026] <host> kernel: nvidia-modeset: DPCONN> Notify Attach End
[  272.204017] <host> kernel: nvidia-modeset: GPU:0: HdmiPacketLibrary: MoreInfoframe: Client requested overwriting an active infoframe
[  272.204043] <host> kernel: nvidia-modeset: GPU:0: HdmiPacketLibrary: MoreInfoframe: Sent infoframe of length 36 bytes, transmit ctrl 0x3 at offset 0 head=3 subdev=0
[  274.229042] <host> kernel: nvidia-modeset: DPCONN> Delayed HDCP Cap read called.
[  280.463068] <host> kernel: nvidia-modeset: DPDIAG modeset display=0x800 head=3 sourceBpp=30 dsc=1 targetBppX16=257 slices=4
[  280.475027] <host> kernel: nvidia-modeset: DPDIAG modeset display=0x800 head=3 sourceBpp=30 dsc=1 targetBppX16=257 slices=4
[  280.478016] <host> kernel: nvidia-modeset: DPDIAG modeset display=0x800 head=3 sourceBpp=30 dsc=1 targetBppX16=257 slices=4
[  280.483026] <host> kernel: nvidia-modeset: DPCONN> Notify detach begin
[  280.522016] <host> kernel: nvidia-modeset: DPCONN> Notify detach end
[  280.536017] <host> kernel: nvidia-modeset: DP2xCONN> Notify Attach Begin (Head 3, pclk 1097750 (KHz) raster 4000 x 2287  257 bpp, DSC 1, FEC 1)
[  280.536039] <host> kernel: nvidia-modeset: DP2xCONN>   |  (VIDEO) |
[  280.536054] <host> kernel: nvidia-modeset: DP2xCONN> DSC Mode = SINGLE
[  280.536065] <host> kernel: nvidia-modeset: DPDIAG flush-enter sor=1 rg=1 mst=0 active=1 discovery=0 complete=1 groupsEmpty=0 transitionEmpty=1
[  280.536085] <host> kernel: nvidia-modeset: DPDIAG flush-group head=2 attached=1 transition=0 dsc=0
[  280.536094] <host> kernel: nvidia-modeset: DPDIAG flush-group head=3 attached=0 transition=0 dsc=1
[  280.536106] <host> kernel: nvidia-modeset: DPDIAG flush display=0x800 sor=1 enable=1 phase=1 status=0x40
[  280.536116] <host> kernel: nvidia-modeset: ERROR: DP2xEVO> Enabling flush mode failed!
[  280.536130] <host> kernel: nvidia-modeset: ERROR: DP2xCONN> Set flush mode phase 1 failed
[  280.536142] <host> kernel: nvidia-modeset: DPDIAG attach-trained sor=1 result=0 dsc=1 requestedFec=1 actualFec=0 rate=540 lanes=4
[  280.564017] <host> kernel: nvidia-modeset: DPCONN> Notify Attach End
[  280.573017] <host> kernel: nvidia-modeset: GPU:0: HdmiPacketLibrary: MoreInfoframe: Sent infoframe of length 36 bytes, transmit ctrl 0x3 at offset 0 head=3 subdev=0
[  282.613443] <host> kernel: nvidia-modeset: DPCONN> Delayed HDCP Cap read called.
[  294.307040] <host> kernel: nvidia-modeset: WARNING: DP> AuxChCtl Failing, if a device is connected you shouldn't be seeing this
[  294.308020] <host> kernel: nvidia-modeset: WARNING: DPCONN> Zombie? :  1 <pointer>
[  294.312018] <host> kernel: nvidia 0000:01:00.0: [drm] User-defined mode not supported: "3840x2160": 120 1186810 3840 4016 4104 4400 2160 2168 2178 2250 0x20 0x5
[  301.787049] <host> kernel: nvidia-modeset: requested: 0
[  301.796021] <host> kernel: nvidia-modeset: ERROR: Failed to write bw allocation control: 0
[  301.803016] <host> kernel: nvidia-modeset: DP> HPD v1.4
[  301.804016] <host> kernel: nvidia-modeset: DPCONN> Rebuild possible link rate configurations
[  301.806016] <host> kernel: nvidia-modeset: DP> SINK-OUI id(0x00e70c00) : rev:0.0
[  301.814016] <host> kernel: nvidia-modeset: WARNING: DP> AuxChCtl Failing, if a device is connected you shouldn't be seeing this
[  301.823016] <host> kernel: nvidia-modeset: WARNING: DP> AuxChCtl Failing, if a device is connected you shouldn't be seeing this
[  301.833017] <host> kernel: nvidia-modeset: WARNING: DP> AuxChCtl Failing, if a device is connected you shouldn't be seeing this
[  301.841017] <host> kernel: nvidia-modeset: WARNING: DP> AuxChCtl Failing, if a device is connected you shouldn't be seeing this
[  301.849017] <host> kernel: nvidia-modeset: WARNING: DP> AuxChCtl Failing, if a device is connected you shouldn't be seeing this
[  301.858017] <host> kernel: nvidia-modeset: WARNING: DP> AuxChCtl Failing, if a device is connected you shouldn't be seeing this
[  301.866027] <host> kernel: nvidia-modeset: WARNING: DP> AuxChCtl Failing, if a device is connected you shouldn't be seeing this
[  301.874016] <host> kernel: nvidia-modeset: WARNING: DP> AuxChCtl Failing, if a device is connected you shouldn't be seeing this
[  301.882016] <host> kernel: nvidia-modeset: WARNING: DP> AuxChCtl Failing, if a device is connected you shouldn't be seeing this
[  301.890016] <host> kernel: nvidia-modeset: WARNING: DP> AuxChCtl Failing, if a device is connected you shouldn't be seeing this
[  301.898017] <host> kernel: nvidia-modeset: WARNING: DP> AuxChCtl Failing, if a device is connected you shouldn't be seeing this
[  301.906017] <host> kernel: nvidia-modeset: WARNING: DP> AuxChCtl Failing, if a device is connected you shouldn't be seeing this
[  301.914018] <host> kernel: nvidia-modeset: WARNING: DP> AuxChCtl Failing, if a device is connected you shouldn't be seeing this
[  301.923016] <host> kernel: nvidia-modeset: WARNING: DP> AuxChCtl Failing, if a device is connected you shouldn't be seeing this
[  301.931016] <host> kernel: nvidia-modeset: WARNING: DP> AuxChCtl Failing, if a device is connected you shouldn't be seeing this
[  301.941017] <host> kernel: nvidia-modeset: WARNING: DP> AuxChCtl Failing, if a device is connected you shouldn't be seeing this
[  301.947027] <host> kernel: nvidia-modeset: WARNING: DP> AuxChCtl Failing, if a device is connected you shouldn't be seeing this
[  301.952017] <host> kernel: nvidia-modeset: WARNING: DP> AuxChCtl Failing, if a device is connected you shouldn't be seeing this
[  301.957026] <host> kernel: nvidia-modeset: WARNING: DP> AuxChCtl Failing, if a device is connected you shouldn't be seeing this
[  301.962017] <host> kernel: nvidia-modeset: WARNING: DP> AuxChCtl Failing, if a device is connected you shouldn't be seeing this
[  301.982016] <host> kernel: nvidia-modeset: DP-CONN> Edid read complete: Manuf Id: 0xac10, Name: DELL U2725QE
[  301.983016] <host> kernel: nvidia-modeset: DPDIAG flush-enter sor=1 rg=1 mst=0 active=1 discovery=1 complete=0 groupsEmpty=0 transitionEmpty=1
[  301.983041] <host> kernel: nvidia-modeset: DPDIAG flush-group head=2 attached=1 transition=0 dsc=0
[  301.983053] <host> kernel: nvidia-modeset: DPDIAG flush-group head=3 attached=1 transition=0 dsc=1
[  301.984017] <host> kernel: nvidia-modeset: DPDIAG flush display=0x800 sor=1 enable=1 phase=1 status=0x40
[  301.984102] <host> kernel: nvidia-modeset: ERROR: DP2xEVO> Enabling flush mode failed!
[  301.984120] <host> kernel: nvidia-modeset: ERROR: DP2xCONN> Set flush mode phase 1 failed
[  301.984138] <host> kernel: nvidia-modeset: DPDIAG flush-enter sor=1 rg=1 mst=0 active=1 discovery=1 complete=0 groupsEmpty=0 transitionEmpty=1
[  301.984151] <host> kernel: nvidia-modeset: DPDIAG flush-group head=2 attached=1 transition=0 dsc=0
[  301.984163] <host> kernel: nvidia-modeset: DPDIAG flush-group head=3 attached=1 transition=0 dsc=1
[  301.984171] <host> kernel: nvidia-modeset: DPDIAG flush display=0x800 sor=1 enable=1 phase=1 status=0x40
[  301.984183] <host> kernel: nvidia-modeset: ERROR: DP2xEVO> Enabling flush mode failed!
[  301.984193] <host> kernel: nvidia-modeset: ERROR: DP2xCONN> Set flush mode phase 1 failed
[  301.984201] <host> kernel: nvidia-modeset: WARNING: DPCONN> Zombie? :  0 <pointer>
[  301.984217] <host> kernel: nvidia-modeset: DP-CONN> NotifyDetectComplete
[  302.356006] <host> kernel: nvidia-modeset: DPDIAG modeset display=0x800 head=3 sourceBpp=30 dsc=1 targetBppX16=257 slices=4
[  302.357045] <host> kernel: nvidia-modeset: DPDIAG modeset display=0x800 head=3 sourceBpp=30 dsc=1 targetBppX16=257 slices=4
[  302.361007] <host> kernel: nvidia-modeset: DPDIAG modeset display=0x800 head=3 sourceBpp=30 dsc=1 targetBppX16=257 slices=4
[  302.362004] <host> kernel: nvidia-modeset: DPDIAG modeset display=0x800 head=3 sourceBpp=30 dsc=1 targetBppX16=257 slices=4
[  302.364013] <host> kernel: nvidia-modeset: DP2xCONN> Notify Attach Begin (Head 3, pclk 1097750 (KHz) raster 4000 x 2287  257 bpp, DSC 1, FEC 1)
[  302.364026] <host> kernel: nvidia-modeset: DP2xCONN>   |  (VIDEO) |
[  302.364036] <host> kernel: nvidia-modeset: DP2xCONN> DSC Mode = SINGLE
[  302.364042] <host> kernel: nvidia-modeset: DPDIAG flush-enter sor=1 rg=1 mst=0 active=1 discovery=0 complete=1 groupsEmpty=0 transitionEmpty=1
[  302.364053] <host> kernel: nvidia-modeset: DPDIAG flush-group head=2 attached=1 transition=0 dsc=0
[  302.364058] <host> kernel: nvidia-modeset: DPDIAG flush-group head=3 attached=1 transition=0 dsc=1
[  302.364065] <host> kernel: nvidia-modeset: DPDIAG flush display=0x800 sor=1 enable=1 phase=1 status=0x40
[  302.364074] <host> kernel: nvidia-modeset: ERROR: DP2xEVO> Enabling flush mode failed!
[  302.364083] <host> kernel: nvidia-modeset: ERROR: DP2xCONN> Set flush mode phase 1 failed
[  302.364092] <host> kernel: nvidia-modeset: DPDIAG attach-trained sor=1 result=0 dsc=1 requestedFec=1 actualFec=0 rate=540 lanes=4
[  302.379013] <host> kernel: nvidia-modeset: DPCONN> Notify Attach End
[  302.382003] <host> kernel: nvidia-modeset: GPU:0: HdmiPacketLibrary: MoreInfoframe: Sent infoframe of length 36 bytes, transmit ctrl 0x3 at offset 0 head=3 subdev=0
[  304.437071] <host> kernel: nvidia-modeset: DPCONN> Delayed HDCP Cap read called.
[  325.234010] <host> kernel: nvidia-modeset: WARNING: DP> AuxChCtl Failing, if a device is connected you shouldn't be seeing this
[  325.245939] <host> kernel: nvidia-modeset: WARNING: DPCONN> Zombie? :  1 <pointer>
[  325.245955] <host> kernel: nvidia 0000:01:00.0: [drm] User-defined mode not supported: "3840x2160": 120 1186810 3840 4016 4104 4400 2160 2168 2178 2250 0x20 0x5
[  328.402039] <host> kernel: nvidia-modeset: requested: 0
[  328.409034] <host> kernel: nvidia-modeset: ERROR: Failed to write bw allocation control: 0
[  328.416020] <host> kernel: nvidia-modeset: DP> HPD v1.4
[  328.418016] <host> kernel: nvidia-modeset: DP> SINK-OUI id(0x00e70c00) : rev:0.0
[  328.426026] <host> kernel: nvidia-modeset: WARNING: DP> AuxChCtl Failing, if a device is connected you shouldn't be seeing this
[  328.431025] <host> kernel: nvidia-modeset: WARNING: DP> AuxChCtl Failing, if a device is connected you shouldn't be seeing this
[  328.437026] <host> kernel: nvidia-modeset: WARNING: DP> AuxChCtl Failing, if a device is connected you shouldn't be seeing this
[  328.442016] <host> kernel: nvidia-modeset: WARNING: DP> AuxChCtl Failing, if a device is connected you shouldn't be seeing this
[  328.448026] <host> kernel: nvidia-modeset: WARNING: DP> AuxChCtl Failing, if a device is connected you shouldn't be seeing this
[  328.454019] <host> kernel: nvidia-modeset: WARNING: DP> AuxChCtl Failing, if a device is connected you shouldn't be seeing this
[  328.460017] <host> kernel: nvidia-modeset: WARNING: DP> AuxChCtl Failing, if a device is connected you shouldn't be seeing this
[  328.466016] <host> kernel: nvidia-modeset: WARNING: DP> AuxChCtl Failing, if a device is connected you shouldn't be seeing this
[  328.472016] <host> kernel: nvidia-modeset: WARNING: DP> AuxChCtl Failing, if a device is connected you shouldn't be seeing this
[  328.479016] <host> kernel: nvidia-modeset: WARNING: DP> AuxChCtl Failing, if a device is connected you shouldn't be seeing this
[  328.485016] <host> kernel: nvidia-modeset: WARNING: DP> AuxChCtl Failing, if a device is connected you shouldn't be seeing this
[  328.491017] <host> kernel: nvidia-modeset: WARNING: DP> AuxChCtl Failing, if a device is connected you shouldn't be seeing this
[  328.497016] <host> kernel: nvidia-modeset: WARNING: DP> AuxChCtl Failing, if a device is connected you shouldn't be seeing this
[  328.503026] <host> kernel: nvidia-modeset: WARNING: DP> AuxChCtl Failing, if a device is connected you shouldn't be seeing this
[  328.508017] <host> kernel: nvidia-modeset: WARNING: DP> AuxChCtl Failing, if a device is connected you shouldn't be seeing this
[  328.514016] <host> kernel: nvidia-modeset: WARNING: DP> AuxChCtl Failing, if a device is connected you shouldn't be seeing this
[  328.520016] <host> kernel: nvidia-modeset: WARNING: DP> AuxChCtl Failing, if a device is connected you shouldn't be seeing this
[  328.526017] <host> kernel: nvidia-modeset: WARNING: DP> AuxChCtl Failing, if a device is connected you shouldn't be seeing this
[  328.532016] <host> kernel: nvidia-modeset: WARNING: DP> AuxChCtl Failing, if a device is connected you shouldn't be seeing this
[  328.538016] <host> kernel: nvidia-modeset: WARNING: DP> AuxChCtl Failing, if a device is connected you shouldn't be seeing this
[  328.559017] <host> kernel: nvidia-modeset: DP-CONN> Edid read complete: Manuf Id: 0xac10, Name: DELL U2725QE
[  328.559044] <host> kernel: nvidia-modeset: DPDIAG flush-enter sor=2 rg=1 mst=0 active=1 discovery=1 complete=0 groupsEmpty=1 transitionEmpty=1
[  328.560011] <host> kernel: nvidia-modeset: DPDIAG train-start display=0x200 sor=2 rate=810 lanes=4 fec=0 coding128=0 force=0 skip=0 fullFallback=1
[  328.613017] <host> kernel: nvidia-modeset: DPDIAG legacy-train display=0x200 status=0x0 err=0x0 result=1 requestedFec=0 actualFec=0
[  328.613043] <host> kernel: nvidia-modeset: DPDIAG train-attempt display=0x200 attempt=1 result=1 requestedRate=810 requestedLanes=4 actualRate=810 actualLanes=4 requestedFec=0 actualFec=0
[  328.613059] <host> kernel: nvidia-modeset: DPDIAG connector-train sor=2 result=1 force=0 requestedRate=810 requestedLanes=4 requestedFec=0 actualRate=810 actualLanes=4 actualFec=0
[  328.613074] <host> kernel: nvidia-modeset: Power off the link because no stream are active
[  328.613089] <host> kernel: nvidia-modeset: DPDIAG train-optimized powered-down: no active streams
[  328.621026] <host> kernel: nvidia-modeset: DPDIAG train-start display=0x200 sor=2 rate=162 lanes=0 fec=0 coding128=0 force=1 skip=0 fullFallback=0
[  328.652013] <host> kernel: nvidia-modeset: DPDIAG legacy-train display=0x200 status=0x0 err=0x0 result=1 requestedFec=0 actualFec=0
[  328.652032] <host> kernel: nvidia-modeset: DPDIAG train-attempt display=0x200 attempt=1 result=1 requestedRate=162 requestedLanes=0 actualRate=162 actualLanes=0 requestedFec=0 actualFec=0
[  328.652057] <host> kernel: nvidia-modeset: DPDIAG connector-train sor=2 result=1 force=1 requestedRate=162 requestedLanes=0 requestedFec=0 actualRate=162 actualLanes=0 actualFec=0
[  328.652066] <host> kernel: nvidia-modeset: DPCONN> New device  | Native DSC Capability - Capable | DSC Decompression Device - 
[  328.652075] <host> kernel: nvidia-modeset: DP-CONN> NotifyDetectComplete
[  329.002018] <host> kernel: nvidia-modeset: DPDIAG modeset display=0x200 head=3 sourceBpp=30 dsc=1 targetBppX16=257 slices=4
[  329.003012] <host> kernel: nvidia-modeset: DPDIAG modeset display=0x200 head=3 sourceBpp=30 dsc=1 targetBppX16=257 slices=4
[  329.014027] <host> kernel: nvidia-modeset: DPDIAG modeset display=0x200 head=3 sourceBpp=30 dsc=1 targetBppX16=257 slices=4
[  329.015011] <host> kernel: nvidia-modeset: DPDIAG modeset display=0x200 head=3 sourceBpp=30 dsc=1 targetBppX16=257 slices=4
[  329.047018] <host> kernel: nvidia-modeset: DP2xCONN> Notify Attach Begin (Head 3, pclk 1097750 (KHz) raster 4000 x 2287  257 bpp, DSC 1, FEC 1)
[  329.047059] <host> kernel: nvidia-modeset: DP2xCONN>   |  (VIDEO) |
[  329.047076] <host> kernel: nvidia-modeset: DP2xCONN> DSC Mode = SINGLE
[  329.047088] <host> kernel: nvidia-modeset: DPDIAG flush-enter sor=2 rg=1 mst=0 active=1 discovery=0 complete=1 groupsEmpty=0 transitionEmpty=1
[  329.047100] <host> kernel: nvidia-modeset: DPDIAG flush-group head=3 attached=0 transition=0 dsc=1
[  329.047114] <host> kernel: nvidia-modeset: ERROR: DP2xCONN> SST-Flush mode should not be called when head is not attached. Returning early without enabling flush
[  329.047124] <host> kernel: nvidia-modeset: DPDIAG train-start display=0x200 sor=2 rate=810 lanes=4 fec=1 coding128=0 force=0 skip=0 fullFallback=0
[  329.094028] <host> kernel: nvidia-modeset: DPDIAG legacy-train display=0x200 status=0x0 err=0x0 result=1 requestedFec=1 actualFec=1
[  329.094054] <host> kernel: nvidia-modeset: DPDIAG train-attempt display=0x200 attempt=1 result=1 requestedRate=810 requestedLanes=4 actualRate=810 actualLanes=4 requestedFec=1 actualFec=1
[  329.100017] <host> kernel: nvidia-modeset: DPDIAG configure-fec display=0x200 enable=1 status=0x0
[  329.100044] <host> kernel: nvidia-modeset: DPDIAG connector-train sor=2 result=1 force=0 requestedRate=810 requestedLanes=4 requestedFec=1 actualRate=810 actualLanes=4 actualFec=1
[  329.100060] <host> kernel: nvidia-modeset: DPDIAG attach-trained sor=2 result=1 dsc=1 requestedFec=1 actualFec=1 rate=810 lanes=4
[  329.101021] <host> kernel: nvidia-modeset: DPDIAG sink-dsc requested=1 current=0 writeNeeded=1
[  329.101035] <host> kernel: nvidia-modeset: DP-DEV> Enabling DSC decompression on device - 
[  329.101041] <host> kernel: nvidia-modeset: DPDIAG sink-dsc-write enable=1 status=0 bytes=1 nak=0
[  329.101049] <host> kernel: nvidia-modeset: DPDIAG attach-dsc sor=2 enable=1 result=1
[  329.117017] <host> kernel: nvidia-modeset: DPCONN> Notify Attach End
[  329.119027] <host> kernel: nvidia-modeset: GPU:0: HdmiPacketLibrary: MoreInfoframe: Sent infoframe of length 36 bytes, transmit ctrl 0x3 at offset 0 head=3 subdev=0
[  331.125027] <host> kernel: nvidia-modeset: DPCONN> Delayed HDCP Cap read called.
[  353.652004] <host> kernel: nvidia-modeset: DPDIAG modeset display=0x200 head=3 sourceBpp=30 dsc=0 targetBppX16=0 slices=0
[  353.670013] <host> kernel: nvidia-modeset: DPDIAG modeset display=0x200 head=3 sourceBpp=30 dsc=0 targetBppX16=0 slices=0
[  353.674004] <host> kernel: nvidia-modeset: DPDIAG modeset display=0x200 head=3 sourceBpp=30 dsc=0 targetBppX16=0 slices=0
[  353.694014] <host> kernel: nvidia-modeset: DPCONN> Notify detach begin
[  353.720010] <host> kernel: nvidia-modeset: DPCONN> Notify detach end
[  353.725011] <host> kernel: nvidia-modeset: DPDIAG sink-dsc requested=0 current=1 writeNeeded=1
[  353.725023] <host> kernel: nvidia-modeset: DP-DEV> Disabling DSC decompression on device - 
[  353.730078] <host> kernel: nvidia-modeset: DPDIAG sink-dsc-write enable=0 status=0 bytes=1 nak=0
[  353.730098] <host> kernel: nvidia-modeset: DPDIAG train-start display=0x200 sor=2 rate=162 lanes=0 fec=1 coding128=0 force=0 skip=0 fullFallback=0
[  353.768016] <host> kernel: nvidia-modeset: DPDIAG legacy-train display=0x200 status=0x0 err=0x0 result=1 requestedFec=1 actualFec=1
[  353.768039] <host> kernel: nvidia-modeset: DPDIAG train-attempt display=0x200 attempt=1 result=1 requestedRate=162 requestedLanes=0 actualRate=162 actualLanes=0 requestedFec=1 actualFec=1
[  353.768053] <host> kernel: nvidia-modeset: DPDIAG connector-train sor=2 result=1 force=0 requestedRate=162 requestedLanes=0 requestedFec=1 actualRate=162 actualLanes=0 actualFec=1
[  353.804015] <host> kernel: nvidia-modeset: DP2xCONN> Notify Attach Begin (Head 3, pclk 533250 (KHz) raster 4000 x 2222  30 bpp, DSC 0, FEC 0)
[  353.804038] <host> kernel: nvidia-modeset: DP2xCONN>   |  (VIDEO) |
[  353.804045] <host> kernel: nvidia-modeset: DPDIAG flush-enter sor=2 rg=1 mst=0 active=1 discovery=0 complete=1 groupsEmpty=0 transitionEmpty=1
[  353.804056] <host> kernel: nvidia-modeset: DPDIAG flush-group head=3 attached=0 transition=0 dsc=0
[  353.804068] <host> kernel: nvidia-modeset: ERROR: DP2xCONN> SST-Flush mode should not be called when head is not attached. Returning early without enabling flush
[  353.804081] <host> kernel: nvidia-modeset: DPDIAG train-start display=0x200 sor=2 rate=540 lanes=4 fec=0 coding128=0 force=0 skip=0 fullFallback=0
[  353.863007] <host> kernel: nvidia-modeset: DPDIAG legacy-train display=0x200 status=0x0 err=0x0 result=1 requestedFec=0 actualFec=0
[  353.863029] <host> kernel: nvidia-modeset: DPDIAG train-attempt display=0x200 attempt=1 result=1 requestedRate=540 requestedLanes=4 actualRate=540 actualLanes=4 requestedFec=0 actualFec=0
[  353.863042] <host> kernel: nvidia-modeset: DPDIAG connector-train sor=2 result=1 force=0 requestedRate=540 requestedLanes=4 requestedFec=0 actualRate=540 actualLanes=4 actualFec=0
[  353.863054] <host> kernel: nvidia-modeset: DPDIAG attach-trained sor=2 result=1 dsc=0 requestedFec=0 actualFec=0 rate=540 lanes=4
[  353.864025] <host> kernel: nvidia-modeset: DPDIAG attach-dsc sor=2 enable=0 result=1
[  353.896084] <host> kernel: nvidia-modeset: DPCONN> Notify Attach End
[  353.901016] <host> kernel: nvidia-modeset: GPU:0: HdmiPacketLibrary: MoreInfoframe: Sent infoframe of length 36 bytes, transmit ctrl 0x3 at offset 0 head=3 subdev=0
[  353.904037] <host> kernel: nvidia-modeset: DP> IRQ
[  355.957025] <host> kernel: nvidia-modeset: DPCONN> Delayed HDCP Cap read called.
